{
  "type": "FeatureCollection",
  "features": [
    {
      "type": "Feature",
      "properties": {
        "timestamp_s": 64.13,
        "speed_kmh": 2.9,
        "heading_deg": 289.1,
        "confidence_m": 4.5,
        "in_sanctuary": false
      },
      "geometry": {
        "type": "Point",
        "coordinates": [
          80.246288,
          13.039302
        ]
      }
    },
    {
      "type": "Feature",
      "properties": {
        "timestamp_s": 64.23,
        "speed_kmh": 16.6,
        "heading_deg": 289.1,
        "confidence_m": 4.5,
        "in_sanctuary": false
      },
      "geometry": {
        "type": "Point",
        "coordinates": [
          80.246285,
          13.039303
        ]
      }
    },
    {
      "type": "Feature",
      "properties": {
        "timestamp_s": 64.33,
        "speed_kmh": 20.0,
        "heading_deg": 289.4,
        "confidence_m": 4.5,
        "in_sanctuary": false
      },
      "geometry": {
        "type": "Point",
        "coordinates": [
          80.24628,
          13.039304
        ]
      }
    },
    {
      "type": "Feature",
      "properties": {
        "timestamp_s": 64.43,
        "speed_kmh": 22.1,
        "heading_deg": 288.9,
        "confidence_m": 4.5,
        "in_sanctuary": false
      },
      "geometry": {
        "type": "Point",
        "coordinates": [
          80.246275,
          13.039305
        ]
      }
    },
    {
      "type": "Feature",
      "properties": {
        "timestamp_s": 64.53,
        "speed_kmh": 22.6,
        "heading_deg": 288.8,
        "confidence_m": 4.6,
        "in_sanctuary": false
      },
      "geometry": {
        "type": "Point",
        "coordinates": [
          80.246269,
          13.039306
        ]
      }
    },
    {
      "type": "Feature",
      "properties": {
        "timestamp_s": 64.63,
        "speed_kmh": 22.4,
        "heading_deg": 289.1,
        "confidence_m": 4.6,
        "in_sanctuary": false
      },
      "geometry": {
        "type": "Point",
        "coordinates": [
          80.246264,
          13.039308
        ]
      }
    },
    {
      "type": "Feature",
      "properties": {
        "timestamp_s": 64.73,
        "speed_kmh": 22.0,
        "heading_deg": 289.0,
        "confidence_m": 4.7,
        "in_sanctuary": false
      },
      "geometry": {
        "type": "Point",
        "coordinates": [
          80.246258,
          13.03931
        ]
      }
    },
    {
      "type": "Feature",
      "properties": {
        "timestamp_s": 64.83,
        "speed_kmh": 21.4,
        "heading_deg": 288.9,
        "confidence_m": 4.8,
        "in_sanctuary": false
      },
      "geometry": {
        "type": "Point",
        "coordinates": [
          80.246253,
          13.039312
        ]
      }
    },
    {
      "type": "Feature",
      "properties": {
        "timestamp_s": 64.93,
        "speed_kmh": 20.9,
        "heading_deg": 288.5,
        "confidence_m": 4.9,
        "in_sanctuary": false
      },
      "geometry": {
        "type": "Point",
        "coordinates": [
          80.246248,
          13.039314
        ]
      }
    },
    {
      "type": "Feature",
      "properties": {
        "timestamp_s": 65.03,
        "speed_kmh": 20.2,
        "heading_deg": 288.2,
        "confidence_m": 5.0,
        "in_sanctuary": false
      },
      "geometry": {
        "type": "Point",
        "coordinates": [
          80.246243,
          13.039315
        ]
      }
    },
    {
      "type": "Feature",
      "properties": {
        "timestamp_s": 65.13,
        "speed_kmh": 19.1,
        "heading_deg": 287.3,
        "confidence_m": 5.1,
        "in_sanctuary": false
      },
      "geometry": {
        "type": "Point",
        "coordinates": [
          80.246239,
          13.039317
        ]
      }
    },
    {
      "type": "Feature",
      "properties": {
        "timestamp_s": 65.23,
        "speed_kmh": 18.3,
        "heading_deg": 287.5,
        "confidence_m": 5.3,
        "in_sanctuary": false
      },
      "geometry": {
        "type": "Point",
        "coordinates": [
          80.246234,
          13.039319
        ]
      }
    },
    {
      "type": "Feature",
      "properties": {
        "timestamp_s": 65.33,
        "speed_kmh": 16.8,
        "heading_deg": 287.0,
        "confidence_m": 5.4,
        "in_sanctuary": false
      },
      "geometry": {
        "type": "Point",
        "coordinates": [
          80.24623,
          13.03932
        ]
      }
    },
    {
      "type": "Feature",
      "properties": {
        "timestamp_s": 65.43,
        "speed_kmh": 15.6,
        "heading_deg": 285.8,
        "confidence_m": 5.5,
        "in_sanctuary": false
      },
      "geometry": {
        "type": "Point",
        "coordinates": [
          80.246226,
          13.039321
        ]
      }
    },
    {
      "type": "Feature",
      "properties": {
        "timestamp_s": 65.53,
        "speed_kmh": 15.4,
        "heading_deg": 284.7,
        "confidence_m": 5.6,
        "in_sanctuary": false
      },
      "geometry": {
        "type": "Point",
        "coordinates": [
          80.246222,
          13.039322
        ]
      }
    },
    {
      "type": "Feature",
      "properties": {
        "timestamp_s": 65.63,
        "speed_kmh": 14.7,
        "heading_deg": 284.8,
        "confidence_m": 5.7,
        "in_sanctuary": false
      },
      "geometry": {
        "type": "Point",
        "coordinates": [
          80.246219,
          13.039323
        ]
      }
    },
    {
      "type": "Feature",
      "properties": {
        "timestamp_s": 65.73,
        "speed_kmh": 14.3,
        "heading_deg": 284.8,
        "confidence_m": 5.8,
        "in_sanctuary": false
      },
      "geometry": {
        "type": "Point",
        "coordinates": [
          80.246215,
          13.039324
        ]
      }
    },
    {
      "type": "Feature",
      "properties": {
        "timestamp_s": 65.83,
        "speed_kmh": 14.1,
        "heading_deg": 284.5,
        "confidence_m": 6.0,
        "in_sanctuary": false
      },
      "geometry": {
        "type": "Point",
        "coordinates": [
          80.246212,
          13.039326
        ]
      }
    },
    {
      "type": "Feature",
      "properties": {
        "timestamp_s": 65.93,
        "speed_kmh": 13.9,
        "heading_deg": 284.2,
        "confidence_m": 6.1,
        "in_sanctuary": false
      },
      "geometry": {
        "type": "Point",
        "coordinates": [
          80.246208,
          13.039327
        ]
      }
    },
    {
      "type": "Feature",
      "properties": {
        "timestamp_s": 66.03,
        "speed_kmh": 14.6,
        "heading_deg": 284.0,
        "confidence_m": 6.2,
        "in_sanctuary": false
      },
      "geometry": {
        "type": "Point",
        "coordinates": [
          80.246205,
          13.039328
        ]
      }
    },
    {
      "type": "Feature",
      "properties": {
        "timestamp_s": 66.13,
        "speed_kmh": 15.4,
        "heading_deg": 283.7,
        "confidence_m": 6.3,
        "in_sanctuary": false
      },
      "geometry": {
        "type": "Point",
        "coordinates": [
          80.246201,
          13.039329
        ]
      }
    },
    {
      "type": "Feature",
      "properties": {
        "timestamp_s": 66.23,
        "speed_kmh": 16.2,
        "heading_deg": 283.6,
        "confidence_m": 6.5,
        "in_sanctuary": false
      },
      "geometry": {
        "type": "Point",
        "coordinates": [
          80.246197,
          13.03933
        ]
      }
    },
    {
      "type": "Feature",
      "properties": {
        "timestamp_s": 66.33,
        "speed_kmh": 17.4,
        "heading_deg": 283.5,
        "confidence_m": 6.6,
        "in_sanctuary": false
      },
      "geometry": {
        "type": "Point",
        "coordinates": [
          80.246193,
          13.039331
        ]
      }
    },
    {
      "type": "Feature",
      "properties": {
        "timestamp_s": 66.43,
        "speed_kmh": 18.2,
        "heading_deg": 283.3,
        "confidence_m": 6.8,
        "in_sanctuary": false
      },
      "geometry": {
        "type": "Point",
        "coordinates": [
          80.246189,
          13.039332
        ]
      }
    },
    {
      "type": "Feature",
      "properties": {
        "timestamp_s": 66.53,
        "speed_kmh": 19.2,
        "heading_deg": 283.1,
        "confidence_m": 7.0,
        "in_sanctuary": false
      },
      "geometry": {
        "type": "Point",
        "coordinates": [
          80.246184,
          13.039334
        ]
      }
    },
    {
      "type": "Feature",
      "properties": {
        "timestamp_s": 66.63,
        "speed_kmh": 20.4,
        "heading_deg": 283.9,
        "confidence_m": 7.2,
        "in_sanctuary": false
      },
      "geometry": {
        "type": "Point",
        "coordinates": [
          80.246179,
          13.039335
        ]
      }
    },
    {
      "type": "Feature",
      "properties": {
        "timestamp_s": 66.73,
        "speed_kmh": 21.0,
        "heading_deg": 284.1,
        "confidence_m": 7.4,
        "in_sanctuary": false
      },
      "geometry": {
        "type": "Point",
        "coordinates": [
          80.246174,
          13.039336
        ]
      }
    },
    {
      "type": "Feature",
      "properties": {
        "timestamp_s": 66.83,
        "speed_kmh": 21.7,
        "heading_deg": 284.7,
        "confidence_m": 7.6,
        "in_sanctuary": false
      },
      "geometry": {
        "type": "Point",
        "coordinates": [
          80.246169,
          13.039337
        ]
      }
    },
    {
      "type": "Feature",
      "properties": {
        "timestamp_s": 66.93,
        "speed_kmh": 21.4,
        "heading_deg": 285.4,
        "confidence_m": 7.8,
        "in_sanctuary": false
      },
      "geometry": {
        "type": "Point",
        "coordinates": [
          80.246163,
          13.039337
        ]
      }
    },
    {
      "type": "Feature",
      "properties": {
        "timestamp_s": 67.03,
        "speed_kmh": 21.3,
        "heading_deg": 286.6,
        "confidence_m": 8.0,
        "in_sanctuary": false
      },
      "geometry": {
        "type": "Point",
        "coordinates": [
          80.246158,
          13.039338
        ]
      }
    },
    {
      "type": "Feature",
      "properties": {
        "timestamp_s": 67.13,
        "speed_kmh": 21.3,
        "heading_deg": 287.0,
        "confidence_m": 8.3,
        "in_sanctuary": false
      },
      "geometry": {
        "type": "Point",
        "coordinates": [
          80.246152,
          13.039339
        ]
      }
    },
    {
      "type": "Feature",
      "properties": {
        "timestamp_s": 67.23,
        "speed_kmh": 20.7,
        "heading_deg": 286.5,
        "confidence_m": 8.5,
        "in_sanctuary": false
      },
      "geometry": {
        "type": "Point",
        "coordinates": [
          80.246147,
          13.03934
        ]
      }
    },
    {
      "type": "Feature",
      "properties": {
        "timestamp_s": 67.33,
        "speed_kmh": 19.7,
        "heading_deg": 286.0,
        "confidence_m": 8.7,
        "in_sanctuary": false
      },
      "geometry": {
        "type": "Point",
        "coordinates": [
          80.246142,
          13.039341
        ]
      }
    },
    {
      "type": "Feature",
      "properties": {
        "timestamp_s": 67.43,
        "speed_kmh": 18.6,
        "heading_deg": 286.1,
        "confidence_m": 8.9,
        "in_sanctuary": false
      },
      "geometry": {
        "type": "Point",
        "coordinates": [
          80.246137,
          13.039341
        ]
      }
    },
    {
      "type": "Feature",
      "properties": {
        "timestamp_s": 67.53,
        "speed_kmh": 18.5,
        "heading_deg": 285.5,
        "confidence_m": 9.1,
        "in_sanctuary": false
      },
      "geometry": {
        "type": "Point",
        "coordinates": [
          80.246133,
          13.039342
        ]
      }
    },
    {
      "type": "Feature",
      "properties": {
        "timestamp_s": 67.63,
        "speed_kmh": 18.8,
        "heading_deg": 285.1,
        "confidence_m": 9.3,
        "in_sanctuary": false
      },
      "geometry": {
        "type": "Point",
        "coordinates": [
          80.246127,
          13.039343
        ]
      }
    },
    {
      "type": "Feature",
      "properties": {
        "timestamp_s": 67.73,
        "speed_kmh": 18.5,
        "heading_deg": 284.8,
        "confidence_m": 9.6,
        "in_sanctuary": false
      },
      "geometry": {
        "type": "Point",
        "coordinates": [
          80.246123,
          13.039344
        ]
      }
    },
    {
      "type": "Feature",
      "properties": {
        "timestamp_s": 67.83,
        "speed_kmh": 18.4,
        "heading_deg": 284.7,
        "confidence_m": 9.8,
        "in_sanctuary": false
      },
      "geometry": {
        "type": "Point",
        "coordinates": [
          80.246118,
          13.039346
        ]
      }
    },
    {
      "type": "Feature",
      "properties": {
        "timestamp_s": 67.93,
        "speed_kmh": 18.7,
        "heading_deg": 284.9,
        "confidence_m": 10.0,
        "in_sanctuary": false
      },
      "geometry": {
        "type": "Point",
        "coordinates": [
          80.246113,
          13.039347
        ]
      }
    },
    {
      "type": "Feature",
      "properties": {
        "timestamp_s": 68.03,
        "speed_kmh": 17.9,
        "heading_deg": 284.9,
        "confidence_m": 10.2,
        "in_sanctuary": false
      },
      "geometry": {
        "type": "Point",
        "coordinates": [
          80.246109,
          13.039348
        ]
      }
    },
    {
      "type": "Feature",
      "properties": {
        "timestamp_s": 68.13,
        "speed_kmh": 17.5,
        "heading_deg": 285.2,
        "confidence_m": 10.4,
        "in_sanctuary": false
      },
      "geometry": {
        "type": "Point",
        "coordinates": [
          80.246105,
          13.039349
        ]
      }
    },
    {
      "type": "Feature",
      "properties": {
        "timestamp_s": 68.23,
        "speed_kmh": 17.5,
        "heading_deg": 285.4,
        "confidence_m": 10.6,
        "in_sanctuary": false
      },
      "geometry": {
        "type": "Point",
        "coordinates": [
          80.2461,
          13.03935
        ]
      }
    },
    {
      "type": "Feature",
      "properties": {
        "timestamp_s": 68.33,
        "speed_kmh": 17.8,
        "heading_deg": 285.5,
        "confidence_m": 10.8,
        "in_sanctuary": false
      },
      "geometry": {
        "type": "Point",
        "coordinates": [
          80.246096,
          13.039351
        ]
      }
    },
    {
      "type": "Feature",
      "properties": {
        "timestamp_s": 68.43,
        "speed_kmh": 17.1,
        "heading_deg": 285.3,
        "confidence_m": 11.0,
        "in_sanctuary": false
      },
      "geometry": {
        "type": "Point",
        "coordinates": [
          80.246092,
          13.039352
        ]
      }
    },
    {
      "type": "Feature",
      "properties": {
        "timestamp_s": 68.53,
        "speed_kmh": 16.7,
        "heading_deg": 285.0,
        "confidence_m": 11.3,
        "in_sanctuary": false
      },
      "geometry": {
        "type": "Point",
        "coordinates": [
          80.246088,
          13.039353
        ]
      }
    },
    {
      "type": "Feature",
      "properties": {
        "timestamp_s": 68.63,
        "speed_kmh": 17.0,
        "heading_deg": 284.5,
        "confidence_m": 11.5,
        "in_sanctuary": false
      },
      "geometry": {
        "type": "Point",
        "coordinates": [
          80.246083,
          13.039355
        ]
      }
    },
    {
      "type": "Feature",
      "properties": {
        "timestamp_s": 68.73,
        "speed_kmh": 17.0,
        "heading_deg": 284.6,
        "confidence_m": 11.7,
        "in_sanctuary": false
      },
      "geometry": {
        "type": "Point",
        "coordinates": [
          80.246079,
          13.039356
        ]
      }
    },
    {
      "type": "Feature",
      "properties": {
        "timestamp_s": 68.83,
        "speed_kmh": 17.4,
        "heading_deg": 284.3,
        "confidence_m": 12.0,
        "in_sanctuary": false
      },
      "geometry": {
        "type": "Point",
        "coordinates": [
          80.246074,
          13.039357
        ]
      }
    },
    {
      "type": "Feature",
      "properties": {
        "timestamp_s": 68.93,
        "speed_kmh": 17.9,
        "heading_deg": 284.5,
        "confidence_m": 12.2,
        "in_sanctuary": false
      },
      "geometry": {
        "type": "Point",
        "coordinates": [
          80.24607,
          13.039359
        ]
      }
    },
    {
      "type": "Feature",
      "properties": {
        "timestamp_s": 69.03,
        "speed_kmh": 18.4,
        "heading_deg": 284.5,
        "confidence_m": 12.5,
        "in_sanctuary": false
      },
      "geometry": {
        "type": "Point",
        "coordinates": [
          80.246066,
          13.03936
        ]
      }
    },
    {
      "type": "Feature",
      "properties": {
        "timestamp_s": 69.13,
        "speed_kmh": 19.0,
        "heading_deg": 284.5,
        "confidence_m": 12.7,
        "in_sanctuary": false
      },
      "geometry": {
        "type": "Point",
        "coordinates": [
          80.246062,
          13.039362
        ]
      }
    },
    {
      "type": "Feature",
      "properties": {
        "timestamp_s": 69.23,
        "speed_kmh": 19.8,
        "heading_deg": 284.7,
        "confidence_m": 13.0,
        "in_sanctuary": false
      },
      "geometry": {
        "type": "Point",
        "coordinates": [
          80.246057,
          13.039363
        ]
      }
    },
    {
      "type": "Feature",
      "properties": {
        "timestamp_s": 69.33,
        "speed_kmh": 20.5,
        "heading_deg": 284.6,
        "confidence_m": 13.3,
        "in_sanctuary": false
      },
      "geometry": {
        "type": "Point",
        "coordinates": [
          80.246052,
          13.039365
        ]
      }
    },
    {
      "type": "Feature",
      "properties": {
        "timestamp_s": 69.43,
        "speed_kmh": 20.2,
        "heading_deg": 284.3,
        "confidence_m": 13.5,
        "in_sanctuary": false
      },
      "geometry": {
        "type": "Point",
        "coordinates": [
          80.246047,
          13.039367
        ]
      }
    },
    {
      "type": "Feature",
      "properties": {
        "timestamp_s": 69.53,
        "speed_kmh": 20.2,
        "heading_deg": 284.0,
        "confidence_m": 13.8,
        "in_sanctuary": false
      },
      "geometry": {
        "type": "Point",
        "coordinates": [
          80.246042,
          13.039368
        ]
      }
    },
    {
      "type": "Feature",
      "properties": {
        "timestamp_s": 69.63,
        "speed_kmh": 20.8,
        "heading_deg": 283.5,
        "confidence_m": 14.0,
        "in_sanctuary": false
      },
      "geometry": {
        "type": "Point",
        "coordinates": [
          80.246037,
          13.03937
        ]
      }
    },
    {
      "type": "Feature",
      "properties": {
        "timestamp_s": 69.73,
        "speed_kmh": 21.0,
        "heading_deg": 283.2,
        "confidence_m": 14.3,
        "in_sanctuary": false
      },
      "geometry": {
        "type": "Point",
        "coordinates": [
          80.246032,
          13.039372
        ]
      }
    },
    {
      "type": "Feature",
      "properties": {
        "timestamp_s": 69.83,
        "speed_kmh": 21.3,
        "heading_deg": 283.2,
        "confidence_m": 14.6,
        "in_sanctuary": false
      },
      "geometry": {
        "type": "Point",
        "coordinates": [
          80.246027,
          13.039373
        ]
      }
    },
    {
      "type": "Feature",
      "properties": {
        "timestamp_s": 69.93,
        "speed_kmh": 21.6,
        "heading_deg": 283.7,
        "confidence_m": 14.9,
        "in_sanctuary": false
      },
      "geometry": {
        "type": "Point",
        "coordinates": [
          80.246022,
          13.039375
        ]
      }
    },
    {
      "type": "Feature",
      "properties": {
        "timestamp_s": 70.03,
        "speed_kmh": 21.8,
        "heading_deg": 284.0,
        "confidence_m": 15.1,
        "in_sanctuary": false
      },
      "geometry": {
        "type": "Point",
        "coordinates": [
          80.246017,
          13.039376
        ]
      }
    },
    {
      "type": "Feature",
      "properties": {
        "timestamp_s": 70.13,
        "speed_kmh": 21.5,
        "heading_deg": 284.5,
        "confidence_m": 15.4,
        "in_sanctuary": false
      },
      "geometry": {
        "type": "Point",
        "coordinates": [
          80.246011,
          13.039378
        ]
      }
    },
    {
      "type": "Feature",
      "properties": {
        "timestamp_s": 70.23,
        "speed_kmh": 21.3,
        "heading_deg": 284.9,
        "confidence_m": 15.7,
        "in_sanctuary": false
      },
      "geometry": {
        "type": "Point",
        "coordinates": [
          80.246006,
          13.039379
        ]
      }
    },
    {
      "type": "Feature",
      "properties": {
        "timestamp_s": 70.33,
        "speed_kmh": 21.4,
        "heading_deg": 285.4,
        "confidence_m": 15.9,
        "in_sanctuary": false
      },
      "geometry": {
        "type": "Point",
        "coordinates": [
          80.246001,
          13.039381
        ]
      }
    },
    {
      "type": "Feature",
      "properties": {
        "timestamp_s": 70.43,
        "speed_kmh": 21.6,
        "heading_deg": 285.6,
        "confidence_m": 16.2,
        "in_sanctuary": false
      },
      "geometry": {
        "type": "Point",
        "coordinates": [
          80.245995,
          13.039383
        ]
      }
    },
    {
      "type": "Feature",
      "properties": {
        "timestamp_s": 70.53,
        "speed_kmh": 21.7,
        "heading_deg": 285.7,
        "confidence_m": 16.5,
        "in_sanctuary": false
      },
      "geometry": {
        "type": "Point",
        "coordinates": [
          80.24599,
          13.039384
        ]
      }
    },
    {
      "type": "Feature",
      "properties": {
        "timestamp_s": 70.63,
        "speed_kmh": 21.8,
        "heading_deg": 285.8,
        "confidence_m": 16.8,
        "in_sanctuary": false
      },
      "geometry": {
        "type": "Point",
        "coordinates": [
          80.245985,
          13.039386
        ]
      }
    },
    {
      "type": "Feature",
      "properties": {
        "timestamp_s": 70.73,
        "speed_kmh": 22.0,
        "heading_deg": 285.2,
        "confidence_m": 17.1,
        "in_sanctuary": false
      },
      "geometry": {
        "type": "Point",
        "coordinates": [
          80.245979,
          13.039387
        ]
      }
    },
    {
      "type": "Feature",
      "properties": {
        "timestamp_s": 70.83,
        "speed_kmh": 21.8,
        "heading_deg": 285.1,
        "confidence_m": 17.3,
        "in_sanctuary": false
      },
      "geometry": {
        "type": "Point",
        "coordinates": [
          80.245974,
          13.039389
        ]
      }
    },
    {
      "type": "Feature",
      "properties": {
        "timestamp_s": 70.93,
        "speed_kmh": 21.6,
        "heading_deg": 284.9,
        "confidence_m": 17.6,
        "in_sanctuary": false
      },
      "geometry": {
        "type": "Point",
        "coordinates": [
          80.245969,
          13.03939
        ]
      }
    },
    {
      "type": "Feature",
      "properties": {
        "timestamp_s": 71.03,
        "speed_kmh": 21.5,
        "heading_deg": 284.8,
        "confidence_m": 17.9,
        "in_sanctuary": false
      },
      "geometry": {
        "type": "Point",
        "coordinates": [
          80.245964,
          13.039392
        ]
      }
    },
    {
      "type": "Feature",
      "properties": {
        "timestamp_s": 71.13,
        "speed_kmh": 21.7,
        "heading_deg": 284.9,
        "confidence_m": 18.2,
        "in_sanctuary": false
      },
      "geometry": {
        "type": "Point",
        "coordinates": [
          80.245958,
          13.039394
        ]
      }
    },
    {
      "type": "Feature",
      "properties": {
        "timestamp_s": 71.23,
        "speed_kmh": 21.9,
        "heading_deg": 284.6,
        "confidence_m": 18.5,
        "in_sanctuary": false
      },
      "geometry": {
        "type": "Point",
        "coordinates": [
          80.245953,
          13.039395
        ]
      }
    },
    {
      "type": "Feature",
      "properties": {
        "timestamp_s": 71.33,
        "speed_kmh": 21.8,
        "heading_deg": 284.9,
        "confidence_m": 18.8,
        "in_sanctuary": false
      },
      "geometry": {
        "type": "Point",
        "coordinates": [
          80.245948,
          13.039397
        ]
      }
    },
    {
      "type": "Feature",
      "properties": {
        "timestamp_s": 71.43,
        "speed_kmh": 21.7,
        "heading_deg": 285.5,
        "confidence_m": 19.1,
        "in_sanctuary": false
      },
      "geometry": {
        "type": "Point",
        "coordinates": [
          80.245942,
          13.039399
        ]
      }
    },
    {
      "type": "Feature",
      "properties": {
        "timestamp_s": 71.53,
        "speed_kmh": 22.0,
        "heading_deg": 285.9,
        "confidence_m": 19.4,
        "in_sanctuary": false
      },
      "geometry": {
        "type": "Point",
        "coordinates": [
          80.245937,
          13.0394
        ]
      }
    },
    {
      "type": "Feature",
      "properties": {
        "timestamp_s": 71.63,
        "speed_kmh": 22.2,
        "heading_deg": 286.0,
        "confidence_m": 19.7,
        "in_sanctuary": false
      },
      "geometry": {
        "type": "Point",
        "coordinates": [
          80.245931,
          13.039402
        ]
      }
    },
    {
      "type": "Feature",
      "properties": {
        "timestamp_s": 71.73,
        "speed_kmh": 22.8,
        "heading_deg": 286.2,
        "confidence_m": 20.0,
        "in_sanctuary": false
      },
      "geometry": {
        "type": "Point",
        "coordinates": [
          80.245926,
          13.039404
        ]
      }
    },
    {
      "type": "Feature",
      "properties": {
        "timestamp_s": 71.83,
        "speed_kmh": 23.4,
        "heading_deg": 286.0,
        "confidence_m": 20.3,
        "in_sanctuary": false
      },
      "geometry": {
        "type": "Point",
        "coordinates": [
          80.24592,
          13.039405
        ]
      }
    },
    {
      "type": "Feature",
      "properties": {
        "timestamp_s": 71.93,
        "speed_kmh": 24.2,
        "heading_deg": 286.3,
        "confidence_m": 20.6,
        "in_sanctuary": false
      },
      "geometry": {
        "type": "Point",
        "coordinates": [
          80.245915,
          13.039407
        ]
      }
    },
    {
      "type": "Feature",
      "properties": {
        "timestamp_s": 72.03,
        "speed_kmh": 24.9,
        "heading_deg": 286.5,
        "confidence_m": 20.9,
        "in_sanctuary": false
      },
      "geometry": {
        "type": "Point",
        "coordinates": [
          80.245908,
          13.039409
        ]
      }
    },
    {
      "type": "Feature",
      "properties": {
        "timestamp_s": 72.13,
        "speed_kmh": 25.5,
        "heading_deg": 286.5,
        "confidence_m": 21.2,
        "in_sanctuary": false
      },
      "geometry": {
        "type": "Point",
        "coordinates": [
          80.245903,
          13.039411
        ]
      }
    },
    {
      "type": "Feature",
      "properties": {
        "timestamp_s": 72.23,
        "speed_kmh": 26.2,
        "heading_deg": 286.3,
        "confidence_m": 21.5,
        "in_sanctuary": false
      },
      "geometry": {
        "type": "Point",
        "coordinates": [
          80.245896,
          13.039414
        ]
      }
    },
    {
      "type": "Feature",
      "properties": {
        "timestamp_s": 72.33,
        "speed_kmh": 26.7,
        "heading_deg": 286.5,
        "confidence_m": 21.8,
        "in_sanctuary": false
      },
      "geometry": {
        "type": "Point",
        "coordinates": [
          80.24589,
          13.039416
        ]
      }
    },
    {
      "type": "Feature",
      "properties": {
        "timestamp_s": 72.43,
        "speed_kmh": 25.8,
        "heading_deg": 286.6,
        "confidence_m": 22.1,
        "in_sanctuary": false
      },
      "geometry": {
        "type": "Point",
        "coordinates": [
          80.245884,
          13.039418
        ]
      }
    },
    {
      "type": "Feature",
      "properties": {
        "timestamp_s": 72.53,
        "speed_kmh": 25.2,
        "heading_deg": 286.2,
        "confidence_m": 22.4,
        "in_sanctuary": false
      },
      "geometry": {
        "type": "Point",
        "coordinates": [
          80.245878,
          13.03942
        ]
      }
    },
    {
      "type": "Feature",
      "properties": {
        "timestamp_s": 72.63,
        "speed_kmh": 25.3,
        "heading_deg": 286.4,
        "confidence_m": 22.7,
        "in_sanctuary": false
      },
      "geometry": {
        "type": "Point",
        "coordinates": [
          80.245872,
          13.039423
        ]
      }
    },
    {
      "type": "Feature",
      "properties": {
        "timestamp_s": 72.73,
        "speed_kmh": 25.0,
        "heading_deg": 286.5,
        "confidence_m": 23.0,
        "in_sanctuary": false
      },
      "geometry": {
        "type": "Point",
        "coordinates": [
          80.245866,
          13.039425
        ]
      }
    },
    {
      "type": "Feature",
      "properties": {
        "timestamp_s": 72.83,
        "speed_kmh": 25.0,
        "heading_deg": 285.9,
        "confidence_m": 23.4,
        "in_sanctuary": false
      },
      "geometry": {
        "type": "Point",
        "coordinates": [
          80.24586,
          13.039427
        ]
      }
    },
    {
      "type": "Feature",
      "properties": {
        "timestamp_s": 72.93,
        "speed_kmh": 25.2,
        "heading_deg": 285.6,
        "confidence_m": 23.7,
        "in_sanctuary": false
      },
      "geometry": {
        "type": "Point",
        "coordinates": [
          80.245854,
          13.039429
        ]
      }
    },
    {
      "type": "Feature",
      "properties": {
        "timestamp_s": 73.03,
        "speed_kmh": 24.6,
        "heading_deg": 285.5,
        "confidence_m": 24.1,
        "in_sanctuary": false
      },
      "geometry": {
        "type": "Point",
        "coordinates": [
          80.245848,
          13.039431
        ]
      }
    },
    {
      "type": "Feature",
      "properties": {
        "timestamp_s": 73.13,
        "speed_kmh": 24.5,
        "heading_deg": 286.6,
        "confidence_m": 24.4,
        "in_sanctuary": false
      },
      "geometry": {
        "type": "Point",
        "coordinates": [
          80.245842,
          13.039433
        ]
      }
    },
    {
      "type": "Feature",
      "properties": {
        "timestamp_s": 73.23,
        "speed_kmh": 24.4,
        "heading_deg": 286.4,
        "confidence_m": 24.7,
        "in_sanctuary": false
      },
      "geometry": {
        "type": "Point",
        "coordinates": [
          80.245836,
          13.039435
        ]
      }
    },
    {
      "type": "Feature",
      "properties": {
        "timestamp_s": 73.33,
        "speed_kmh": 24.6,
        "heading_deg": 287.2,
        "confidence_m": 25.1,
        "in_sanctuary": false
      },
      "geometry": {
        "type": "Point",
        "coordinates": [
          80.24583,
          13.039437
        ]
      }
    },
    {
      "type": "Feature",
      "properties": {
        "timestamp_s": 73.43,
        "speed_kmh": 25.7,
        "heading_deg": 287.8,
        "confidence_m": 25.4,
        "in_sanctuary": false
      },
      "geometry": {
        "type": "Point",
        "coordinates": [
          80.245824,
          13.039439
        ]
      }
    },
    {
      "type": "Feature",
      "properties": {
        "timestamp_s": 73.53,
        "speed_kmh": 25.8,
        "heading_deg": 287.7,
        "confidence_m": 25.8,
        "in_sanctuary": false
      },
      "geometry": {
        "type": "Point",
        "coordinates": [
          80.245818,
          13.039441
        ]
      }
    },
    {
      "type": "Feature",
      "properties": {
        "timestamp_s": 73.63,
        "speed_kmh": 26.3,
        "heading_deg": 288.0,
        "confidence_m": 26.1,
        "in_sanctuary": false
      },
      "geometry": {
        "type": "Point",
        "coordinates": [
          80.245811,
          13.039444
        ]
      }
    },
    {
      "type": "Feature",
      "properties": {
        "timestamp_s": 73.73,
        "speed_kmh": 26.4,
        "heading_deg": 287.8,
        "confidence_m": 26.5,
        "in_sanctuary": false
      },
      "geometry": {
        "type": "Point",
        "coordinates": [
          80.245805,
          13.039446
        ]
      }
    },
    {
      "type": "Feature",
      "properties": {
        "timestamp_s": 73.83,
        "speed_kmh": 26.6,
        "heading_deg": 287.4,
        "confidence_m": 26.9,
        "in_sanctuary": false
      },
      "geometry": {
        "type": "Point",
        "coordinates": [
          80.245799,
          13.039448
        ]
      }
    },
    {
      "type": "Feature",
      "properties": {
        "timestamp_s": 73.93,
        "speed_kmh": 26.6,
        "heading_deg": 287.3,
        "confidence_m": 27.3,
        "in_sanctuary": false
      },
      "geometry": {
        "type": "Point",
        "coordinates": [
          80.245792,
          13.03945
        ]
      }
    },
    {
      "type": "Feature",
      "properties": {
        "timestamp_s": 74.03,
        "speed_kmh": 26.9,
        "heading_deg": 287.1,
        "confidence_m": 27.6,
        "in_sanctuary": false
      },
      "geometry": {
        "type": "Point",
        "coordinates": [
          80.245786,
          13.039452
        ]
      }
    },
    {
      "type": "Feature",
      "properties": {
        "timestamp_s": 74.13,
        "speed_kmh": 26.9,
        "heading_deg": 286.7,
        "confidence_m": 28.0,
        "in_sanctuary": false
      },
      "geometry": {
        "type": "Point",
        "coordinates": [
          80.245778,
          13.039455
        ]
      }
    },
    {
      "type": "Feature",
      "properties": {
        "timestamp_s": 74.23,
        "speed_kmh": 27.5,
        "heading_deg": 286.6,
        "confidence_m": 28.4,
        "in_sanctuary": false
      },
      "geometry": {
        "type": "Point",
        "coordinates": [
          80.245771,
          13.039456
        ]
      }
    },
    {
      "type": "Feature",
      "properties": {
        "timestamp_s": 74.33,
        "speed_kmh": 28.0,
        "heading_deg": 286.8,
        "confidence_m": 28.8,
        "in_sanctuary": false
      },
      "geometry": {
        "type": "Point",
        "coordinates": [
          80.245764,
          13.039458
        ]
      }
    },
    {
      "type": "Feature",
      "properties": {
        "timestamp_s": 74.43,
        "speed_kmh": 28.5,
        "heading_deg": 287.3,
        "confidence_m": 29.2,
        "in_sanctuary": false
      },
      "geometry": {
        "type": "Point",
        "coordinates": [
          80.245757,
          13.039459
        ]
      }
    },
    {
      "type": "Feature",
      "properties": {
        "timestamp_s": 74.53,
        "speed_kmh": 28.2,
        "heading_deg": 287.5,
        "confidence_m": 29.6,
        "in_sanctuary": false
      },
      "geometry": {
        "type": "Point",
        "coordinates": [
          80.24575,
          13.039461
        ]
      }
    },
    {
      "type": "Feature",
      "properties": {
        "timestamp_s": 74.63,
        "speed_kmh": 27.3,
        "heading_deg": 287.8,
        "confidence_m": 30.0,
        "in_sanctuary": false
      },
      "geometry": {
        "type": "Point",
        "coordinates": [
          80.245743,
          13.039463
        ]
      }
    },
    {
      "type": "Feature",
      "properties": {
        "timestamp_s": 74.73,
        "speed_kmh": 26.6,
        "heading_deg": 287.7,
        "confidence_m": 30.4,
        "in_sanctuary": false
      },
      "geometry": {
        "type": "Point",
        "coordinates": [
          80.245737,
          13.039464
        ]
      }
    },
    {
      "type": "Feature",
      "properties": {
        "timestamp_s": 74.83,
        "speed_kmh": 26.6,
        "heading_deg": 287.6,
        "confidence_m": 30.8,
        "in_sanctuary": false
      },
      "geometry": {
        "type": "Point",
        "coordinates": [
          80.24573,
          13.039466
        ]
      }
    },
    {
      "type": "Feature",
      "properties": {
        "timestamp_s": 74.93,
        "speed_kmh": 26.9,
        "heading_deg": 287.9,
        "confidence_m": 31.2,
        "in_sanctuary": false
      },
      "geometry": {
        "type": "Point",
        "coordinates": [
          80.245724,
          13.039467
        ]
      }
    },
    {
      "type": "Feature",
      "properties": {
        "timestamp_s": 75.03,
        "speed_kmh": 26.0,
        "heading_deg": 287.8,
        "confidence_m": 31.6,
        "in_sanctuary": false
      },
      "geometry": {
        "type": "Point",
        "coordinates": [
          80.245716,
          13.039469
        ]
      }
    },
    {
      "type": "Feature",
      "properties": {
        "timestamp_s": 75.13,
        "speed_kmh": 24.9,
        "heading_deg": 287.5,
        "confidence_m": 31.9,
        "in_sanctuary": false
      },
      "geometry": {
        "type": "Point",
        "coordinates": [
          80.245711,
          13.03947
        ]
      }
    },
    {
      "type": "Feature",
      "properties": {
        "timestamp_s": 75.23,
        "speed_kmh": 24.2,
        "heading_deg": 287.1,
        "confidence_m": 32.3,
        "in_sanctuary": false
      },
      "geometry": {
        "type": "Point",
        "coordinates": [
          80.245705,
          13.039472
        ]
      }
    },
    {
      "type": "Feature",
      "properties": {
        "timestamp_s": 75.33,
        "speed_kmh": 23.5,
        "heading_deg": 287.1,
        "confidence_m": 32.7,
        "in_sanctuary": false
      },
      "geometry": {
        "type": "Point",
        "coordinates": [
          80.245699,
          13.039474
        ]
      }
    },
    {
      "type": "Feature",
      "properties": {
        "timestamp_s": 75.43,
        "speed_kmh": 23.2,
        "heading_deg": 286.8,
        "confidence_m": 33.0,
        "in_sanctuary": false
      },
      "geometry": {
        "type": "Point",
        "coordinates": [
          80.245694,
          13.039476
        ]
      }
    },
    {
      "type": "Feature",
      "properties": {
        "timestamp_s": 75.53,
        "speed_kmh": 23.4,
        "heading_deg": 286.7,
        "confidence_m": 33.3,
        "in_sanctuary": false
      },
      "geometry": {
        "type": "Point",
        "coordinates": [
          80.245688,
          13.039478
        ]
      }
    },
    {
      "type": "Feature",
      "properties": {
        "timestamp_s": 75.63,
        "speed_kmh": 23.3,
        "heading_deg": 287.1,
        "confidence_m": 33.7,
        "in_sanctuary": false
      },
      "geometry": {
        "type": "Point",
        "coordinates": [
          80.245682,
          13.039479
        ]
      }
    },
    {
      "type": "Feature",
      "properties": {
        "timestamp_s": 75.73,
        "speed_kmh": 22.5,
        "heading_deg": 287.2,
        "confidence_m": 34.0,
        "in_sanctuary": false
      },
      "geometry": {
        "type": "Point",
        "coordinates": [
          80.245677,
          13.039481
        ]
      }
    },
    {
      "type": "Feature",
      "properties": {
        "timestamp_s": 75.83,
        "speed_kmh": 22.7,
        "heading_deg": 287.1,
        "confidence_m": 34.4,
        "in_sanctuary": false
      },
      "geometry": {
        "type": "Point",
        "coordinates": [
          80.245671,
          13.039483
        ]
      }
    },
    {
      "type": "Feature",
      "properties": {
        "timestamp_s": 75.93,
        "speed_kmh": 23.7,
        "heading_deg": 287.0,
        "confidence_m": 34.7,
        "in_sanctuary": false
      },
      "geometry": {
        "type": "Point",
        "coordinates": [
          80.245666,
          13.039485
        ]
      }
    },
    {
      "type": "Feature",
      "properties": {
        "timestamp_s": 76.03,
        "speed_kmh": 25.3,
        "heading_deg": 286.9,
        "confidence_m": 35.1,
        "in_sanctuary": false
      },
      "geometry": {
        "type": "Point",
        "coordinates": [
          80.245659,
          13.039487
        ]
      }
    },
    {
      "type": "Feature",
      "properties": {
        "timestamp_s": 76.13,
        "speed_kmh": 25.2,
        "heading_deg": 286.6,
        "confidence_m": 35.5,
        "in_sanctuary": false
      },
      "geometry": {
        "type": "Point",
        "coordinates": [
          80.245653,
          13.039489
        ]
      }
    },
    {
      "type": "Feature",
      "properties": {
        "timestamp_s": 76.23,
        "speed_kmh": 25.4,
        "heading_deg": 286.5,
        "confidence_m": 35.8,
        "in_sanctuary": false
      },
      "geometry": {
        "type": "Point",
        "coordinates": [
          80.245647,
          13.03949
        ]
      }
    },
    {
      "type": "Feature",
      "properties": {
        "timestamp_s": 76.33,
        "speed_kmh": 25.8,
        "heading_deg": 286.7,
        "confidence_m": 36.2,
        "in_sanctuary": false
      },
      "geometry": {
        "type": "Point",
        "coordinates": [
          80.245641,
          13.039493
        ]
      }
    },
    {
      "type": "Feature",
      "properties": {
        "timestamp_s": 76.43,
        "speed_kmh": 25.7,
        "heading_deg": 286.9,
        "confidence_m": 36.6,
        "in_sanctuary": false
      },
      "geometry": {
        "type": "Point",
        "coordinates": [
          80.245634,
          13.039494
        ]
      }
    },
    {
      "type": "Feature",
      "properties": {
        "timestamp_s": 76.53,
        "speed_kmh": 25.8,
        "heading_deg": 287.1,
        "confidence_m": 37.0,
        "in_sanctuary": false
      },
      "geometry": {
        "type": "Point",
        "coordinates": [
          80.245628,
          13.039496
        ]
      }
    },
    {
      "type": "Feature",
      "properties": {
        "timestamp_s": 76.63,
        "speed_kmh": 26.0,
        "heading_deg": 287.2,
        "confidence_m": 37.4,
        "in_sanctuary": false
      },
      "geometry": {
        "type": "Point",
        "coordinates": [
          80.245622,
          13.039498
        ]
      }
    },
    {
      "type": "Feature",
      "properties": {
        "timestamp_s": 76.73,
        "speed_kmh": 25.6,
        "heading_deg": 287.5,
        "confidence_m": 37.8,
        "in_sanctuary": false
      },
      "geometry": {
        "type": "Point",
        "coordinates": [
          80.245615,
          13.039499
        ]
      }
    },
    {
      "type": "Feature",
      "properties": {
        "timestamp_s": 76.83,
        "speed_kmh": 24.8,
        "heading_deg": 287.1,
        "confidence_m": 38.2,
        "in_sanctuary": false
      },
      "geometry": {
        "type": "Point",
        "coordinates": [
          80.245609,
          13.039501
        ]
      }
    },
    {
      "type": "Feature",
      "properties": {
        "timestamp_s": 76.93,
        "speed_kmh": 24.5,
        "heading_deg": 287.0,
        "confidence_m": 38.6,
        "in_sanctuary": false
      },
      "geometry": {
        "type": "Point",
        "coordinates": [
          80.245603,
          13.039502
        ]
      }
    },
    {
      "type": "Feature",
      "properties": {
        "timestamp_s": 77.03,
        "speed_kmh": 25.2,
        "heading_deg": 286.6,
        "confidence_m": 38.9,
        "in_sanctuary": false
      },
      "geometry": {
        "type": "Point",
        "coordinates": [
          80.245596,
          13.039504
        ]
      }
    },
    {
      "type": "Feature",
      "properties": {
        "timestamp_s": 77.13,
        "speed_kmh": 26.5,
        "heading_deg": 287.0,
        "confidence_m": 39.3,
        "in_sanctuary": false
      },
      "geometry": {
        "type": "Point",
        "coordinates": [
          80.24559,
          13.039506
        ]
      }
    },
    {
      "type": "Feature",
      "properties": {
        "timestamp_s": 77.23,
        "speed_kmh": 27.1,
        "heading_deg": 286.7,
        "confidence_m": 39.8,
        "in_sanctuary": false
      },
      "geometry": {
        "type": "Point",
        "coordinates": [
          80.245584,
          13.039507
        ]
      }
    },
    {
      "type": "Feature",
      "properties": {
        "timestamp_s": 77.33,
        "speed_kmh": 27.2,
        "heading_deg": 286.8,
        "confidence_m": 40.2,
        "in_sanctuary": false
      },
      "geometry": {
        "type": "Point",
        "coordinates": [
          80.245577,
          13.039509
        ]
      }
    },
    {
      "type": "Feature",
      "properties": {
        "timestamp_s": 77.43,
        "speed_kmh": 27.6,
        "heading_deg": 287.0,
        "confidence_m": 40.6,
        "in_sanctuary": false
      },
      "geometry": {
        "type": "Point",
        "coordinates": [
          80.24557,
          13.039511
        ]
      }
    },
    {
      "type": "Feature",
      "properties": {
        "timestamp_s": 77.53,
        "speed_kmh": 28.3,
        "heading_deg": 286.8,
        "confidence_m": 41.0,
        "in_sanctuary": false
      },
      "geometry": {
        "type": "Point",
        "coordinates": [
          80.245562,
          13.039512
        ]
      }
    },
    {
      "type": "Feature",
      "properties": {
        "timestamp_s": 77.63,
        "speed_kmh": 28.9,
        "heading_deg": 286.1,
        "confidence_m": 41.5,
        "in_sanctuary": false
      },
      "geometry": {
        "type": "Point",
        "coordinates": [
          80.245555,
          13.039514
        ]
      }
    },
    {
      "type": "Feature",
      "properties": {
        "timestamp_s": 77.73,
        "speed_kmh": 29.1,
        "heading_deg": 285.9,
        "confidence_m": 41.9,
        "in_sanctuary": false
      },
      "geometry": {
        "type": "Point",
        "coordinates": [
          80.245548,
          13.039515
        ]
      }
    },
    {
      "type": "Feature",
      "properties": {
        "timestamp_s": 77.83,
        "speed_kmh": 29.3,
        "heading_deg": 286.0,
        "confidence_m": 42.4,
        "in_sanctuary": false
      },
      "geometry": {
        "type": "Point",
        "coordinates": [
          80.245541,
          13.039516
        ]
      }
    },
    {
      "type": "Feature",
      "properties": {
        "timestamp_s": 77.93,
        "speed_kmh": 30.3,
        "heading_deg": 286.2,
        "confidence_m": 42.9,
        "in_sanctuary": false
      },
      "geometry": {
        "type": "Point",
        "coordinates": [
          80.245533,
          13.039518
        ]
      }
    },
    {
      "type": "Feature",
      "properties": {
        "timestamp_s": 78.03,
        "speed_kmh": 30.3,
        "heading_deg": 286.2,
        "confidence_m": 43.3,
        "in_sanctuary": false
      },
      "geometry": {
        "type": "Point",
        "coordinates": [
          80.245526,
          13.039519
        ]
      }
    },
    {
      "type": "Feature",
      "properties": {
        "timestamp_s": 78.13,
        "speed_kmh": 30.1,
        "heading_deg": 286.1,
        "confidence_m": 43.8,
        "in_sanctuary": false
      },
      "geometry": {
        "type": "Point",
        "coordinates": [
          80.245518,
          13.03952
        ]
      }
    },
    {
      "type": "Feature",
      "properties": {
        "timestamp_s": 78.23,
        "speed_kmh": 30.2,
        "heading_deg": 286.6,
        "confidence_m": 44.3,
        "in_sanctuary": false
      },
      "geometry": {
        "type": "Point",
        "coordinates": [
          80.245511,
          13.039522
        ]
      }
    },
    {
      "type": "Feature",
      "properties": {
        "timestamp_s": 78.33,
        "speed_kmh": 30.2,
        "heading_deg": 287.0,
        "confidence_m": 44.8,
        "in_sanctuary": false
      },
      "geometry": {
        "type": "Point",
        "coordinates": [
          80.245503,
          13.039523
        ]
      }
    },
    {
      "type": "Feature",
      "properties": {
        "timestamp_s": 78.43,
        "speed_kmh": 31.0,
        "heading_deg": 286.6,
        "confidence_m": 45.3,
        "in_sanctuary": false
      },
      "geometry": {
        "type": "Point",
        "coordinates": [
          80.245495,
          13.039524
        ]
      }
    },
    {
      "type": "Feature",
      "properties": {
        "timestamp_s": 78.53,
        "speed_kmh": 31.4,
        "heading_deg": 286.9,
        "confidence_m": 45.8,
        "in_sanctuary": false
      },
      "geometry": {
        "type": "Point",
        "coordinates": [
          80.245487,
          13.039526
        ]
      }
    },
    {
      "type": "Feature",
      "properties": {
        "timestamp_s": 78.63,
        "speed_kmh": 31.6,
        "heading_deg": 287.1,
        "confidence_m": 46.3,
        "in_sanctuary": false
      },
      "geometry": {
        "type": "Point",
        "coordinates": [
          80.24548,
          13.039527
        ]
      }
    },
    {
      "type": "Feature",
      "properties": {
        "timestamp_s": 78.73,
        "speed_kmh": 31.8,
        "heading_deg": 287.2,
        "confidence_m": 46.8,
        "in_sanctuary": false
      },
      "geometry": {
        "type": "Point",
        "coordinates": [
          80.245472,
          13.039529
        ]
      }
    },
    {
      "type": "Feature",
      "properties": {
        "timestamp_s": 78.83,
        "speed_kmh": 31.1,
        "heading_deg": 287.1,
        "confidence_m": 47.3,
        "in_sanctuary": false
      },
      "geometry": {
        "type": "Point",
        "coordinates": [
          80.245464,
          13.03953
        ]
      }
    },
    {
      "type": "Feature",
      "properties": {
        "timestamp_s": 78.93,
        "speed_kmh": 30.2,
        "heading_deg": 286.7,
        "confidence_m": 47.8,
        "in_sanctuary": false
      },
      "geometry": {
        "type": "Point",
        "coordinates": [
          80.245456,
          13.039532
        ]
      }
    },
    {
      "type": "Feature",
      "properties": {
        "timestamp_s": 79.03,
        "speed_kmh": 29.9,
        "heading_deg": 286.6,
        "confidence_m": 48.3,
        "in_sanctuary": false
      },
      "geometry": {
        "type": "Point",
        "coordinates": [
          80.245448,
          13.039533
        ]
      }
    },
    {
      "type": "Feature",
      "properties": {
        "timestamp_s": 79.13,
        "speed_kmh": 29.9,
        "heading_deg": 286.5,
        "confidence_m": 48.8,
        "in_sanctuary": false
      },
      "geometry": {
        "type": "Point",
        "coordinates": [
          80.245441,
          13.039535
        ]
      }
    },
    {
      "type": "Feature",
      "properties": {
        "timestamp_s": 79.23,
        "speed_kmh": 29.9,
        "heading_deg": 286.4,
        "confidence_m": 49.3,
        "in_sanctuary": false
      },
      "geometry": {
        "type": "Point",
        "coordinates": [
          80.245433,
          13.039536
        ]
      }
    },
    {
      "type": "Feature",
      "properties": {
        "timestamp_s": 79.33,
        "speed_kmh": 29.1,
        "heading_deg": 286.0,
        "confidence_m": 49.8,
        "in_sanctuary": false
      },
      "geometry": {
        "type": "Point",
        "coordinates": [
          80.245427,
          13.039537
        ]
      }
    },
    {
      "type": "Feature",
      "properties": {
        "timestamp_s": 79.43,
        "speed_kmh": 28.6,
        "heading_deg": 285.9,
        "confidence_m": 50.2,
        "in_sanctuary": false
      },
      "geometry": {
        "type": "Point",
        "coordinates": [
          80.245419,
          13.039539
        ]
      }
    },
    {
      "type": "Feature",
      "properties": {
        "timestamp_s": 79.53,
        "speed_kmh": 29.1,
        "heading_deg": 285.8,
        "confidence_m": 50.7,
        "in_sanctuary": false
      },
      "geometry": {
        "type": "Point",
        "coordinates": [
          80.245411,
          13.03954
        ]
      }
    },
    {
      "type": "Feature",
      "properties": {
        "timestamp_s": 79.63,
        "speed_kmh": 30.4,
        "heading_deg": 285.9,
        "confidence_m": 51.2,
        "in_sanctuary": false
      },
      "geometry": {
        "type": "Point",
        "coordinates": [
          80.245403,
          13.039543
        ]
      }
    },
    {
      "type": "Feature",
      "properties": {
        "timestamp_s": 79.73,
        "speed_kmh": 30.9,
        "heading_deg": 285.9,
        "confidence_m": 51.7,
        "in_sanctuary": false
      },
      "geometry": {
        "type": "Point",
        "coordinates": [
          80.245396,
          13.039545
        ]
      }
    },
    {
      "type": "Feature",
      "properties": {
        "timestamp_s": 79.83,
        "speed_kmh": 32.2,
        "heading_deg": 285.8,
        "confidence_m": 52.3,
        "in_sanctuary": false
      },
      "geometry": {
        "type": "Point",
        "coordinates": [
          80.245388,
          13.039547
        ]
      }
    },
    {
      "type": "Feature",
      "properties": {
        "timestamp_s": 79.93,
        "speed_kmh": 33.2,
        "heading_deg": 285.8,
        "confidence_m": 52.8,
        "in_sanctuary": false
      },
      "geometry": {
        "type": "Point",
        "coordinates": [
          80.24538,
          13.039549
        ]
      }
    },
    {
      "type": "Feature",
      "properties": {
        "timestamp_s": 80.03,
        "speed_kmh": 33.2,
        "heading_deg": 285.3,
        "confidence_m": 53.4,
        "in_sanctuary": false
      },
      "geometry": {
        "type": "Point",
        "coordinates": [
          80.245372,
          13.039551
        ]
      }
    },
    {
      "type": "Feature",
      "properties": {
        "timestamp_s": 80.13,
        "speed_kmh": 32.8,
        "heading_deg": 285.4,
        "confidence_m": 53.9,
        "in_sanctuary": false
      },
      "geometry": {
        "type": "Point",
        "coordinates": [
          80.245364,
          13.039553
        ]
      }
    },
    {
      "type": "Feature",
      "properties": {
        "timestamp_s": 80.23,
        "speed_kmh": 32.4,
        "heading_deg": 285.3,
        "confidence_m": 54.5,
        "in_sanctuary": false
      },
      "geometry": {
        "type": "Point",
        "coordinates": [
          80.245356,
          13.039556
        ]
      }
    },
    {
      "type": "Feature",
      "properties": {
        "timestamp_s": 80.33,
        "speed_kmh": 31.9,
        "heading_deg": 285.4,
        "confidence_m": 55.0,
        "in_sanctuary": false
      },
      "geometry": {
        "type": "Point",
        "coordinates": [
          80.245348,
          13.039558
        ]
      }
    },
    {
      "type": "Feature",
      "properties": {
        "timestamp_s": 80.43,
        "speed_kmh": 31.3,
        "heading_deg": 285.3,
        "confidence_m": 55.6,
        "in_sanctuary": false
      },
      "geometry": {
        "type": "Point",
        "coordinates": [
          80.24534,
          13.03956
        ]
      }
    },
    {
      "type": "Feature",
      "properties": {
        "timestamp_s": 80.53,
        "speed_kmh": 31.3,
        "heading_deg": 285.4,
        "confidence_m": 56.1,
        "in_sanctuary": false
      },
      "geometry": {
        "type": "Point",
        "coordinates": [
          80.245333,
          13.039562
        ]
      }
    },
    {
      "type": "Feature",
      "properties": {
        "timestamp_s": 80.63,
        "speed_kmh": 31.5,
        "heading_deg": 285.3,
        "confidence_m": 56.6,
        "in_sanctuary": false
      },
      "geometry": {
        "type": "Point",
        "coordinates": [
          80.245325,
          13.039564
        ]
      }
    },
    {
      "type": "Feature",
      "properties": {
        "timestamp_s": 80.73,
        "speed_kmh": 31.3,
        "heading_deg": 285.3,
        "confidence_m": 57.2,
        "in_sanctuary": false
      },
      "geometry": {
        "type": "Point",
        "coordinates": [
          80.245317,
          13.039566
        ]
      }
    },
    {
      "type": "Feature",
      "properties": {
        "timestamp_s": 80.83,
        "speed_kmh": 31.0,
        "heading_deg": 285.0,
        "confidence_m": 57.7,
        "in_sanctuary": false
      },
      "geometry": {
        "type": "Point",
        "coordinates": [
          80.245309,
          13.039568
        ]
      }
    },
    {
      "type": "Feature",
      "properties": {
        "timestamp_s": 80.93,
        "speed_kmh": 30.5,
        "heading_deg": 284.5,
        "confidence_m": 58.2,
        "in_sanctuary": false
      },
      "geometry": {
        "type": "Point",
        "coordinates": [
          80.245302,
          13.03957
        ]
      }
    },
    {
      "type": "Feature",
      "properties": {
        "timestamp_s": 81.03,
        "speed_kmh": 30.2,
        "heading_deg": 283.9,
        "confidence_m": 58.8,
        "in_sanctuary": false
      },
      "geometry": {
        "type": "Point",
        "coordinates": [
          80.245294,
          13.039572
        ]
      }
    },
    {
      "type": "Feature",
      "properties": {
        "timestamp_s": 81.13,
        "speed_kmh": 30.1,
        "heading_deg": 283.5,
        "confidence_m": 59.3,
        "in_sanctuary": false
      },
      "geometry": {
        "type": "Point",
        "coordinates": [
          80.245287,
          13.039574
        ]
      }
    },
    {
      "type": "Feature",
      "properties": {
        "timestamp_s": 81.23,
        "speed_kmh": 30.6,
        "heading_deg": 283.1,
        "confidence_m": 59.8,
        "in_sanctuary": false
      },
      "geometry": {
        "type": "Point",
        "coordinates": [
          80.245279,
          13.039576
        ]
      }
    },
    {
      "type": "Feature",
      "properties": {
        "timestamp_s": 81.33,
        "speed_kmh": 31.6,
        "heading_deg": 282.6,
        "confidence_m": 60.4,
        "in_sanctuary": false
      },
      "geometry": {
        "type": "Point",
        "coordinates": [
          80.245271,
          13.039578
        ]
      }
    },
    {
      "type": "Feature",
      "properties": {
        "timestamp_s": 81.43,
        "speed_kmh": 31.4,
        "heading_deg": 282.6,
        "confidence_m": 60.9,
        "in_sanctuary": false
      },
      "geometry": {
        "type": "Point",
        "coordinates": [
          80.245264,
          13.039581
        ]
      }
    },
    {
      "type": "Feature",
      "properties": {
        "timestamp_s": 81.53,
        "speed_kmh": 30.4,
        "heading_deg": 282.3,
        "confidence_m": 61.5,
        "in_sanctuary": false
      },
      "geometry": {
        "type": "Point",
        "coordinates": [
          80.245256,
          13.039583
        ]
      }
    },
    {
      "type": "Feature",
      "properties": {
        "timestamp_s": 81.63,
        "speed_kmh": 30.3,
        "heading_deg": 282.3,
        "confidence_m": 62.0,
        "in_sanctuary": false
      },
      "geometry": {
        "type": "Point",
        "coordinates": [
          80.245249,
          13.039585
        ]
      }
    },
    {
      "type": "Feature",
      "properties": {
        "timestamp_s": 81.73,
        "speed_kmh": 30.4,
        "heading_deg": 282.5,
        "confidence_m": 62.5,
        "in_sanctuary": false
      },
      "geometry": {
        "type": "Point",
        "coordinates": [
          80.245241,
          13.039587
        ]
      }
    },
    {
      "type": "Feature",
      "properties": {
        "timestamp_s": 81.83,
        "speed_kmh": 31.1,
        "heading_deg": 282.8,
        "confidence_m": 63.1,
        "in_sanctuary": false
      },
      "geometry": {
        "type": "Point",
        "coordinates": [
          80.245234,
          13.03959
        ]
      }
    },
    {
      "type": "Feature",
      "properties": {
        "timestamp_s": 81.93,
        "speed_kmh": 32.0,
        "heading_deg": 282.7,
        "confidence_m": 63.6,
        "in_sanctuary": false
      },
      "geometry": {
        "type": "Point",
        "coordinates": [
          80.245226,
          13.039592
        ]
      }
    },
    {
      "type": "Feature",
      "properties": {
        "timestamp_s": 82.03,
        "speed_kmh": 32.3,
        "heading_deg": 282.7,
        "confidence_m": 64.2,
        "in_sanctuary": false
      },
      "geometry": {
        "type": "Point",
        "coordinates": [
          80.245218,
          13.039595
        ]
      }
    },
    {
      "type": "Feature",
      "properties": {
        "timestamp_s": 82.13,
        "speed_kmh": 32.1,
        "heading_deg": 282.9,
        "confidence_m": 64.8,
        "in_sanctuary": false
      },
      "geometry": {
        "type": "Point",
        "coordinates": [
          80.24521,
          13.039597
        ]
      }
    },
    {
      "type": "Feature",
      "properties": {
        "timestamp_s": 82.23,
        "speed_kmh": 31.3,
        "heading_deg": 283.0,
        "confidence_m": 65.4,
        "in_sanctuary": false
      },
      "geometry": {
        "type": "Point",
        "coordinates": [
          80.245202,
          13.039599
        ]
      }
    },
    {
      "type": "Feature",
      "properties": {
        "timestamp_s": 82.33,
        "speed_kmh": 30.6,
        "heading_deg": 282.9,
        "confidence_m": 65.9,
        "in_sanctuary": false
      },
      "geometry": {
        "type": "Point",
        "coordinates": [
          80.245195,
          13.039602
        ]
      }
    },
    {
      "type": "Feature",
      "properties": {
        "timestamp_s": 82.43,
        "speed_kmh": 30.0,
        "heading_deg": 282.6,
        "confidence_m": 66.5,
        "in_sanctuary": false
      },
      "geometry": {
        "type": "Point",
        "coordinates": [
          80.245188,
          13.039604
        ]
      }
    },
    {
      "type": "Feature",
      "properties": {
        "timestamp_s": 82.53,
        "speed_kmh": 28.9,
        "heading_deg": 282.5,
        "confidence_m": 67.0,
        "in_sanctuary": false
      },
      "geometry": {
        "type": "Point",
        "coordinates": [
          80.245181,
          13.039606
        ]
      }
    },
    {
      "type": "Feature",
      "properties": {
        "timestamp_s": 82.63,
        "speed_kmh": 27.8,
        "heading_deg": 282.3,
        "confidence_m": 67.5,
        "in_sanctuary": false
      },
      "geometry": {
        "type": "Point",
        "coordinates": [
          80.245173,
          13.039608
        ]
      }
    },
    {
      "type": "Feature",
      "properties": {
        "timestamp_s": 82.73,
        "speed_kmh": 26.7,
        "heading_deg": 282.2,
        "confidence_m": 68.0,
        "in_sanctuary": false
      },
      "geometry": {
        "type": "Point",
        "coordinates": [
          80.245167,
          13.039609
        ]
      }
    },
    {
      "type": "Feature",
      "properties": {
        "timestamp_s": 82.83,
        "speed_kmh": 25.2,
        "heading_deg": 282.2,
        "confidence_m": 68.5,
        "in_sanctuary": false
      },
      "geometry": {
        "type": "Point",
        "coordinates": [
          80.245161,
          13.039611
        ]
      }
    },
    {
      "type": "Feature",
      "properties": {
        "timestamp_s": 82.93,
        "speed_kmh": 23.5,
        "heading_deg": 282.2,
        "confidence_m": 68.9,
        "in_sanctuary": false
      },
      "geometry": {
        "type": "Point",
        "coordinates": [
          80.245154,
          13.039612
        ]
      }
    },
    {
      "type": "Feature",
      "properties": {
        "timestamp_s": 83.03,
        "speed_kmh": 21.9,
        "heading_deg": 282.2,
        "confidence_m": 69.4,
        "in_sanctuary": false
      },
      "geometry": {
        "type": "Point",
        "coordinates": [
          80.245148,
          13.039613
        ]
      }
    },
    {
      "type": "Feature",
      "properties": {
        "timestamp_s": 83.13,
        "speed_kmh": 20.5,
        "heading_deg": 282.1,
        "confidence_m": 69.7,
        "in_sanctuary": false
      },
      "geometry": {
        "type": "Point",
        "coordinates": [
          80.245144,
          13.039614
        ]
      }
    },
    {
      "type": "Feature",
      "properties": {
        "timestamp_s": 83.23,
        "speed_kmh": 19.8,
        "heading_deg": 282.3,
        "confidence_m": 70.1,
        "in_sanctuary": false
      },
      "geometry": {
        "type": "Point",
        "coordinates": [
          80.245139,
          13.039616
        ]
      }
    },
    {
      "type": "Feature",
      "properties": {
        "timestamp_s": 83.33,
        "speed_kmh": 20.1,
        "heading_deg": 282.3,
        "confidence_m": 70.5,
        "in_sanctuary": false
      },
      "geometry": {
        "type": "Point",
        "coordinates": [
          80.245133,
          13.039617
        ]
      }
    },
    {
      "type": "Feature",
      "properties": {
        "timestamp_s": 83.43,
        "speed_kmh": 21.0,
        "heading_deg": 282.5,
        "confidence_m": 70.9,
        "in_sanctuary": false
      },
      "geometry": {
        "type": "Point",
        "coordinates": [
          80.245128,
          13.039618
        ]
      }
    },
    {
      "type": "Feature",
      "properties": {
        "timestamp_s": 83.53,
        "speed_kmh": 20.7,
        "heading_deg": 282.8,
        "confidence_m": 71.3,
        "in_sanctuary": false
      },
      "geometry": {
        "type": "Point",
        "coordinates": [
          80.245123,
          13.039619
        ]
      }
    },
    {
      "type": "Feature",
      "properties": {
        "timestamp_s": 83.63,
        "speed_kmh": 20.0,
        "heading_deg": 282.8,
        "confidence_m": 71.6,
        "in_sanctuary": false
      },
      "geometry": {
        "type": "Point",
        "coordinates": [
          80.245118,
          13.03962
        ]
      }
    },
    {
      "type": "Feature",
      "properties": {
        "timestamp_s": 83.73,
        "speed_kmh": 19.8,
        "heading_deg": 282.9,
        "confidence_m": 72.0,
        "in_sanctuary": false
      },
      "geometry": {
        "type": "Point",
        "coordinates": [
          80.245113,
          13.039621
        ]
      }
    },
    {
      "type": "Feature",
      "properties": {
        "timestamp_s": 83.83,
        "speed_kmh": 20.0,
        "heading_deg": 283.1,
        "confidence_m": 72.4,
        "in_sanctuary": false
      },
      "geometry": {
        "type": "Point",
        "coordinates": [
          80.245108,
          13.039622
        ]
      }
    },
    {
      "type": "Feature",
      "properties": {
        "timestamp_s": 83.93,
        "speed_kmh": 20.6,
        "heading_deg": 283.4,
        "confidence_m": 72.8,
        "in_sanctuary": false
      },
      "geometry": {
        "type": "Point",
        "coordinates": [
          80.245103,
          13.039623
        ]
      }
    },
    {
      "type": "Feature",
      "properties": {
        "timestamp_s": 84.03,
        "speed_kmh": 22.0,
        "heading_deg": 283.3,
        "confidence_m": 73.2,
        "in_sanctuary": false
      },
      "geometry": {
        "type": "Point",
        "coordinates": [
          80.245098,
          13.039625
        ]
      }
    },
    {
      "type": "Feature",
      "properties": {
        "timestamp_s": 84.13,
        "speed_kmh": 22.8,
        "heading_deg": 283.5,
        "confidence_m": 73.6,
        "in_sanctuary": false
      },
      "geometry": {
        "type": "Point",
        "coordinates": [
          80.245093,
          13.039626
        ]
      }
    },
    {
      "type": "Feature",
      "properties": {
        "timestamp_s": 84.23,
        "speed_kmh": 23.5,
        "heading_deg": 283.3,
        "confidence_m": 74.0,
        "in_sanctuary": false
      },
      "geometry": {
        "type": "Point",
        "coordinates": [
          80.245086,
          13.039627
        ]
      }
    },
    {
      "type": "Feature",
      "properties": {
        "timestamp_s": 84.33,
        "speed_kmh": 23.7,
        "heading_deg": 283.3,
        "confidence_m": 74.5,
        "in_sanctuary": false
      },
      "geometry": {
        "type": "Point",
        "coordinates": [
          80.245081,
          13.039629
        ]
      }
    },
    {
      "type": "Feature",
      "properties": {
        "timestamp_s": 84.43,
        "speed_kmh": 24.1,
        "heading_deg": 283.3,
        "confidence_m": 75.0,
        "in_sanctuary": false
      },
      "geometry": {
        "type": "Point",
        "coordinates": [
          80.245075,
          13.03963
        ]
      }
    },
    {
      "type": "Feature",
      "properties": {
        "timestamp_s": 84.53,
        "speed_kmh": 24.5,
        "heading_deg": 283.2,
        "confidence_m": 75.4,
        "in_sanctuary": false
      },
      "geometry": {
        "type": "Point",
        "coordinates": [
          80.245068,
          13.039632
        ]
      }
    },
    {
      "type": "Feature",
      "properties": {
        "timestamp_s": 84.63,
        "speed_kmh": 24.6,
        "heading_deg": 282.9,
        "confidence_m": 75.9,
        "in_sanctuary": false
      },
      "geometry": {
        "type": "Point",
        "coordinates": [
          80.245063,
          13.039633
        ]
      }
    },
    {
      "type": "Feature",
      "properties": {
        "timestamp_s": 84.73,
        "speed_kmh": 24.0,
        "heading_deg": 283.3,
        "confidence_m": 76.4,
        "in_sanctuary": false
      },
      "geometry": {
        "type": "Point",
        "coordinates": [
          80.245057,
          13.039635
        ]
      }
    },
    {
      "type": "Feature",
      "properties": {
        "timestamp_s": 84.83,
        "speed_kmh": 23.6,
        "heading_deg": 283.1,
        "confidence_m": 76.8,
        "in_sanctuary": false
      },
      "geometry": {
        "type": "Point",
        "coordinates": [
          80.24505,
          13.039636
        ]
      }
    },
    {
      "type": "Feature",
      "properties": {
        "timestamp_s": 84.93,
        "speed_kmh": 23.5,
        "heading_deg": 283.0,
        "confidence_m": 77.3,
        "in_sanctuary": false
      },
      "geometry": {
        "type": "Point",
        "coordinates": [
          80.245045,
          13.039638
        ]
      }
    },
    {
      "type": "Feature",
      "properties": {
        "timestamp_s": 85.03,
        "speed_kmh": 23.0,
        "heading_deg": 282.8,
        "confidence_m": 77.7,
        "in_sanctuary": false
      },
      "geometry": {
        "type": "Point",
        "coordinates": [
          80.245039,
          13.039639
        ]
      }
    },
    {
      "type": "Feature",
      "properties": {
        "timestamp_s": 85.13,
        "speed_kmh": 22.6,
        "heading_deg": 282.8,
        "confidence_m": 78.2,
        "in_sanctuary": false
      },
      "geometry": {
        "type": "Point",
        "coordinates": [
          80.245033,
          13.03964
        ]
      }
    },
    {
      "type": "Feature",
      "properties": {
        "timestamp_s": 85.23,
        "speed_kmh": 22.5,
        "heading_deg": 282.6,
        "confidence_m": 78.6,
        "in_sanctuary": false
      },
      "geometry": {
        "type": "Point",
        "coordinates": [
          80.245028,
          13.039642
        ]
      }
    },
    {
      "type": "Feature",
      "properties": {
        "timestamp_s": 85.33,
        "speed_kmh": 22.0,
        "heading_deg": 282.3,
        "confidence_m": 79.1,
        "in_sanctuary": false
      },
      "geometry": {
        "type": "Point",
        "coordinates": [
          80.245022,
          13.039643
        ]
      }
    },
    {
      "type": "Feature",
      "properties": {
        "timestamp_s": 85.43,
        "speed_kmh": 22.3,
        "heading_deg": 282.4,
        "confidence_m": 79.5,
        "in_sanctuary": false
      },
      "geometry": {
        "type": "Point",
        "coordinates": [
          80.245017,
          13.039644
        ]
      }
    },
    {
      "type": "Feature",
      "properties": {
        "timestamp_s": 85.53,
        "speed_kmh": 21.8,
        "heading_deg": 282.1,
        "confidence_m": 79.9,
        "in_sanctuary": false
      },
      "geometry": {
        "type": "Point",
        "coordinates": [
          80.245011,
          13.039646
        ]
      }
    },
    {
      "type": "Feature",
      "properties": {
        "timestamp_s": 85.63,
        "speed_kmh": 22.0,
        "heading_deg": 282.2,
        "confidence_m": 80.4,
        "in_sanctuary": false
      },
      "geometry": {
        "type": "Point",
        "coordinates": [
          80.245005,
          13.039647
        ]
      }
    },
    {
      "type": "Feature",
      "properties": {
        "timestamp_s": 85.73,
        "speed_kmh": 22.7,
        "heading_deg": 282.2,
        "confidence_m": 80.8,
        "in_sanctuary": false
      },
      "geometry": {
        "type": "Point",
        "coordinates": [
          80.245,
          13.039649
        ]
      }
    },
    {
      "type": "Feature",
      "properties": {
        "timestamp_s": 85.83,
        "speed_kmh": 24.0,
        "heading_deg": 282.1,
        "confidence_m": 81.3,
        "in_sanctuary": false
      },
      "geometry": {
        "type": "Point",
        "coordinates": [
          80.244995,
          13.03965
        ]
      }
    },
    {
      "type": "Feature",
      "properties": {
        "timestamp_s": 85.93,
        "speed_kmh": 24.0,
        "heading_deg": 282.1,
        "confidence_m": 81.8,
        "in_sanctuary": false
      },
      "geometry": {
        "type": "Point",
        "coordinates": [
          80.244989,
          13.039651
        ]
      }
    },
    {
      "type": "Feature",
      "properties": {
        "timestamp_s": 86.03,
        "speed_kmh": 24.4,
        "heading_deg": 282.4,
        "confidence_m": 82.3,
        "in_sanctuary": false
      },
      "geometry": {
        "type": "Point",
        "coordinates": [
          80.244983,
          13.039653
        ]
      }
    },
    {
      "type": "Feature",
      "properties": {
        "timestamp_s": 86.13,
        "speed_kmh": 25.1,
        "heading_deg": 282.4,
        "confidence_m": 82.8,
        "in_sanctuary": false
      },
      "geometry": {
        "type": "Point",
        "coordinates": [
          80.244976,
          13.039654
        ]
      }
    },
    {
      "type": "Feature",
      "properties": {
        "timestamp_s": 86.23,
        "speed_kmh": 25.7,
        "heading_deg": 282.2,
        "confidence_m": 83.3,
        "in_sanctuary": false
      },
      "geometry": {
        "type": "Point",
        "coordinates": [
          80.24497,
          13.039656
        ]
      }
    },
    {
      "type": "Feature",
      "properties": {
        "timestamp_s": 86.33,
        "speed_kmh": 25.9,
        "heading_deg": 282.5,
        "confidence_m": 83.8,
        "in_sanctuary": false
      },
      "geometry": {
        "type": "Point",
        "coordinates": [
          80.244964,
          13.039658
        ]
      }
    },
    {
      "type": "Feature",
      "properties": {
        "timestamp_s": 86.43,
        "speed_kmh": 26.7,
        "heading_deg": 282.3,
        "confidence_m": 84.3,
        "in_sanctuary": false
      },
      "geometry": {
        "type": "Point",
        "coordinates": [
          80.244957,
          13.039659
        ]
      }
    },
    {
      "type": "Feature",
      "properties": {
        "timestamp_s": 86.53,
        "speed_kmh": 27.7,
        "heading_deg": 282.3,
        "confidence_m": 84.9,
        "in_sanctuary": false
      },
      "geometry": {
        "type": "Point",
        "coordinates": [
          80.244951,
          13.039661
        ]
      }
    },
    {
      "type": "Feature",
      "properties": {
        "timestamp_s": 86.63,
        "speed_kmh": 27.5,
        "heading_deg": 282.0,
        "confidence_m": 85.5,
        "in_sanctuary": false
      },
      "geometry": {
        "type": "Point",
        "coordinates": [
          80.244943,
          13.039663
        ]
      }
    },
    {
      "type": "Feature",
      "properties": {
        "timestamp_s": 86.73,
        "speed_kmh": 26.3,
        "heading_deg": 282.5,
        "confidence_m": 86.0,
        "in_sanctuary": false
      },
      "geometry": {
        "type": "Point",
        "coordinates": [
          80.244936,
          13.039664
        ]
      }
    },
    {
      "type": "Feature",
      "properties": {
        "timestamp_s": 86.83,
        "speed_kmh": 25.0,
        "heading_deg": 282.5,
        "confidence_m": 86.5,
        "in_sanctuary": false
      },
      "geometry": {
        "type": "Point",
        "coordinates": [
          80.24493,
          13.039666
        ]
      }
    },
    {
      "type": "Feature",
      "properties": {
        "timestamp_s": 86.93,
        "speed_kmh": 24.7,
        "heading_deg": 282.3,
        "confidence_m": 87.1,
        "in_sanctuary": false
      },
      "geometry": {
        "type": "Point",
        "coordinates": [
          80.244924,
          13.039667
        ]
      }
    },
    {
      "type": "Feature",
      "properties": {
        "timestamp_s": 87.03,
        "speed_kmh": 23.9,
        "heading_deg": 282.6,
        "confidence_m": 87.6,
        "in_sanctuary": false
      },
      "geometry": {
        "type": "Point",
        "coordinates": [
          80.244918,
          13.039669
        ]
      }
    },
    {
      "type": "Feature",
      "properties": {
        "timestamp_s": 87.13,
        "speed_kmh": 22.7,
        "heading_deg": 282.9,
        "confidence_m": 88.0,
        "in_sanctuary": false
      },
      "geometry": {
        "type": "Point",
        "coordinates": [
          80.244912,
          13.03967
        ]
      }
    },
    {
      "type": "Feature",
      "properties": {
        "timestamp_s": 87.23,
        "speed_kmh": 21.7,
        "heading_deg": 282.9,
        "confidence_m": 88.5,
        "in_sanctuary": false
      },
      "geometry": {
        "type": "Point",
        "coordinates": [
          80.244907,
          13.039672
        ]
      }
    },
    {
      "type": "Feature",
      "properties": {
        "timestamp_s": 87.33,
        "speed_kmh": 21.1,
        "heading_deg": 283.4,
        "confidence_m": 89.0,
        "in_sanctuary": false
      },
      "geometry": {
        "type": "Point",
        "coordinates": [
          80.244901,
          13.039673
        ]
      }
    },
    {
      "type": "Feature",
      "properties": {
        "timestamp_s": 87.43,
        "speed_kmh": 20.7,
        "heading_deg": 283.5,
        "confidence_m": 89.4,
        "in_sanctuary": false
      },
      "geometry": {
        "type": "Point",
        "coordinates": [
          80.244897,
          13.039674
        ]
      }
    },
    {
      "type": "Feature",
      "properties": {
        "timestamp_s": 87.53,
        "speed_kmh": 20.7,
        "heading_deg": 283.5,
        "confidence_m": 89.8,
        "in_sanctuary": false
      },
      "geometry": {
        "type": "Point",
        "coordinates": [
          80.244892,
          13.039676
        ]
      }
    },
    {
      "type": "Feature",
      "properties": {
        "timestamp_s": 87.63,
        "speed_kmh": 21.6,
        "heading_deg": 283.4,
        "confidence_m": 90.3,
        "in_sanctuary": false
      },
      "geometry": {
        "type": "Point",
        "coordinates": [
          80.244886,
          13.039677
        ]
      }
    },
    {
      "type": "Feature",
      "properties": {
        "timestamp_s": 87.73,
        "speed_kmh": 22.5,
        "heading_deg": 283.7,
        "confidence_m": 90.7,
        "in_sanctuary": false
      },
      "geometry": {
        "type": "Point",
        "coordinates": [
          80.24488,
          13.039678
        ]
      }
    },
    {
      "type": "Feature",
      "properties": {
        "timestamp_s": 87.83,
        "speed_kmh": 22.4,
        "heading_deg": 283.6,
        "confidence_m": 91.2,
        "in_sanctuary": false
      },
      "geometry": {
        "type": "Point",
        "coordinates": [
          80.244875,
          13.03968
        ]
      }
    },
    {
      "type": "Feature",
      "properties": {
        "timestamp_s": 87.93,
        "speed_kmh": 22.6,
        "heading_deg": 283.8,
        "confidence_m": 91.7,
        "in_sanctuary": false
      },
      "geometry": {
        "type": "Point",
        "coordinates": [
          80.244869,
          13.039681
        ]
      }
    },
    {
      "type": "Feature",
      "properties": {
        "timestamp_s": 88.03,
        "speed_kmh": 23.2,
        "heading_deg": 284.0,
        "confidence_m": 92.2,
        "in_sanctuary": false
      },
      "geometry": {
        "type": "Point",
        "coordinates": [
          80.244864,
          13.039683
        ]
      }
    },
    {
      "type": "Feature",
      "properties": {
        "timestamp_s": 88.13,
        "speed_kmh": 23.4,
        "heading_deg": 284.1,
        "confidence_m": 92.7,
        "in_sanctuary": false
      },
      "geometry": {
        "type": "Point",
        "coordinates": [
          80.244858,
          13.039684
        ]
      }
    },
    {
      "type": "Feature",
      "properties": {
        "timestamp_s": 88.23,
        "speed_kmh": 23.4,
        "heading_deg": 284.4,
        "confidence_m": 93.2,
        "in_sanctuary": false
      },
      "geometry": {
        "type": "Point",
        "coordinates": [
          80.244852,
          13.039685
        ]
      }
    },
    {
      "type": "Feature",
      "properties": {
        "timestamp_s": 88.33,
        "speed_kmh": 23.3,
        "heading_deg": 284.5,
        "confidence_m": 93.7,
        "in_sanctuary": false
      },
      "geometry": {
        "type": "Point",
        "coordinates": [
          80.244846,
          13.039687
        ]
      }
    },
    {
      "type": "Feature",
      "properties": {
        "timestamp_s": 88.43,
        "speed_kmh": 23.5,
        "heading_deg": 284.2,
        "confidence_m": 94.2,
        "in_sanctuary": false
      },
      "geometry": {
        "type": "Point",
        "coordinates": [
          80.244841,
          13.039688
        ]
      }
    },
    {
      "type": "Feature",
      "properties": {
        "timestamp_s": 88.53,
        "speed_kmh": 23.6,
        "heading_deg": 284.0,
        "confidence_m": 94.7,
        "in_sanctuary": false
      },
      "geometry": {
        "type": "Point",
        "coordinates": [
          80.244834,
          13.03969
        ]
      }
    },
    {
      "type": "Feature",
      "properties": {
        "timestamp_s": 88.63,
        "speed_kmh": 23.7,
        "heading_deg": 283.8,
        "confidence_m": 95.2,
        "in_sanctuary": false
      },
      "geometry": {
        "type": "Point",
        "coordinates": [
          80.244829,
          13.039691
        ]
      }
    },
    {
      "type": "Feature",
      "properties": {
        "timestamp_s": 88.73,
        "speed_kmh": 24.1,
        "heading_deg": 283.9,
        "confidence_m": 95.8,
        "in_sanctuary": false
      },
      "geometry": {
        "type": "Point",
        "coordinates": [
          80.244823,
          13.039693
        ]
      }
    },
    {
      "type": "Feature",
      "properties": {
        "timestamp_s": 88.83,
        "speed_kmh": 24.3,
        "heading_deg": 284.2,
        "confidence_m": 96.3,
        "in_sanctuary": false
      },
      "geometry": {
        "type": "Point",
        "coordinates": [
          80.244817,
          13.039694
        ]
      }
    },
    {
      "type": "Feature",
      "properties": {
        "timestamp_s": 88.93,
        "speed_kmh": 23.8,
        "heading_deg": 284.4,
        "confidence_m": 96.8,
        "in_sanctuary": false
      },
      "geometry": {
        "type": "Point",
        "coordinates": [
          80.244811,
          13.039696
        ]
      }
    },
    {
      "type": "Feature",
      "properties": {
        "timestamp_s": 89.03,
        "speed_kmh": 24.0,
        "heading_deg": 285.0,
        "confidence_m": 97.3,
        "in_sanctuary": false
      },
      "geometry": {
        "type": "Point",
        "coordinates": [
          80.244805,
          13.039697
        ]
      }
    },
    {
      "type": "Feature",
      "properties": {
        "timestamp_s": 89.13,
        "speed_kmh": 24.7,
        "heading_deg": 285.7,
        "confidence_m": 97.9,
        "in_sanctuary": false
      },
      "geometry": {
        "type": "Point",
        "coordinates": [
          80.244798,
          13.039698
        ]
      }
    },
    {
      "type": "Feature",
      "properties": {
        "timestamp_s": 89.23,
        "speed_kmh": 24.7,
        "heading_deg": 286.4,
        "confidence_m": 98.4,
        "in_sanctuary": false
      },
      "geometry": {
        "type": "Point",
        "coordinates": [
          80.244792,
          13.039699
        ]
      }
    },
    {
      "type": "Feature",
      "properties": {
        "timestamp_s": 89.33,
        "speed_kmh": 25.0,
        "heading_deg": 286.9,
        "confidence_m": 99.0,
        "in_sanctuary": false
      },
      "geometry": {
        "type": "Point",
        "coordinates": [
          80.244786,
          13.0397
        ]
      }
    },
    {
      "type": "Feature",
      "properties": {
        "timestamp_s": 89.43,
        "speed_kmh": 24.7,
        "heading_deg": 287.8,
        "confidence_m": 99.5,
        "in_sanctuary": false
      },
      "geometry": {
        "type": "Point",
        "coordinates": [
          80.24478,
          13.039701
        ]
      }
    },
    {
      "type": "Feature",
      "properties": {
        "timestamp_s": 89.53,
        "speed_kmh": 25.0,
        "heading_deg": 288.3,
        "confidence_m": 100.1,
        "in_sanctuary": false
      },
      "geometry": {
        "type": "Point",
        "coordinates": [
          80.244774,
          13.039702
        ]
      }
    },
    {
      "type": "Feature",
      "properties": {
        "timestamp_s": 89.63,
        "speed_kmh": 25.6,
        "heading_deg": 288.1,
        "confidence_m": 100.7,
        "in_sanctuary": false
      },
      "geometry": {
        "type": "Point",
        "coordinates": [
          80.244767,
          13.039703
        ]
      }
    },
    {
      "type": "Feature",
      "properties": {
        "timestamp_s": 89.73,
        "speed_kmh": 25.0,
        "heading_deg": 287.7,
        "confidence_m": 101.2,
        "in_sanctuary": false
      },
      "geometry": {
        "type": "Point",
        "coordinates": [
          80.244761,
          13.039704
        ]
      }
    },
    {
      "type": "Feature",
      "properties": {
        "timestamp_s": 89.83,
        "speed_kmh": 24.9,
        "heading_deg": 287.8,
        "confidence_m": 101.8,
        "in_sanctuary": false
      },
      "geometry": {
        "type": "Point",
        "coordinates": [
          80.244755,
          13.039705
        ]
      }
    },
    {
      "type": "Feature",
      "properties": {
        "timestamp_s": 89.93,
        "speed_kmh": 25.4,
        "heading_deg": 287.7,
        "confidence_m": 102.4,
        "in_sanctuary": false
      },
      "geometry": {
        "type": "Point",
        "coordinates": [
          80.244748,
          13.039706
        ]
      }
    },
    {
      "type": "Feature",
      "properties": {
        "timestamp_s": 90.03,
        "speed_kmh": 25.4,
        "heading_deg": 288.3,
        "confidence_m": 102.9,
        "in_sanctuary": false
      },
      "geometry": {
        "type": "Point",
        "coordinates": [
          80.244742,
          13.039707
        ]
      }
    },
    {
      "type": "Feature",
      "properties": {
        "timestamp_s": 90.13,
        "speed_kmh": 25.6,
        "heading_deg": 287.7,
        "confidence_m": 103.5,
        "in_sanctuary": false
      },
      "geometry": {
        "type": "Point",
        "coordinates": [
          80.244735,
          13.039709
        ]
      }
    },
    {
      "type": "Feature",
      "properties": {
        "timestamp_s": 90.23,
        "speed_kmh": 26.4,
        "heading_deg": 287.2,
        "confidence_m": 104.1,
        "in_sanctuary": false
      },
      "geometry": {
        "type": "Point",
        "coordinates": [
          80.244729,
          13.03971
        ]
      }
    },
    {
      "type": "Feature",
      "properties": {
        "timestamp_s": 90.33,
        "speed_kmh": 27.2,
        "heading_deg": 287.1,
        "confidence_m": 104.7,
        "in_sanctuary": false
      },
      "geometry": {
        "type": "Point",
        "coordinates": [
          80.244723,
          13.039711
        ]
      }
    },
    {
      "type": "Feature",
      "properties": {
        "timestamp_s": 90.43,
        "speed_kmh": 27.5,
        "heading_deg": 286.8,
        "confidence_m": 105.4,
        "in_sanctuary": false
      },
      "geometry": {
        "type": "Point",
        "coordinates": [
          80.244715,
          13.039713
        ]
      }
    },
    {
      "type": "Feature",
      "properties": {
        "timestamp_s": 90.53,
        "speed_kmh": 27.9,
        "heading_deg": 286.2,
        "confidence_m": 106.0,
        "in_sanctuary": false
      },
      "geometry": {
        "type": "Point",
        "coordinates": [
          80.244708,
          13.039714
        ]
      }
    },
    {
      "type": "Feature",
      "properties": {
        "timestamp_s": 90.63,
        "speed_kmh": 28.3,
        "heading_deg": 286.1,
        "confidence_m": 106.7,
        "in_sanctuary": false
      },
      "geometry": {
        "type": "Point",
        "coordinates": [
          80.244702,
          13.039716
        ]
      }
    },
    {
      "type": "Feature",
      "properties": {
        "timestamp_s": 90.73,
        "speed_kmh": 28.6,
        "heading_deg": 286.4,
        "confidence_m": 107.3,
        "in_sanctuary": false
      },
      "geometry": {
        "type": "Point",
        "coordinates": [
          80.244694,
          13.039717
        ]
      }
    },
    {
      "type": "Feature",
      "properties": {
        "timestamp_s": 90.83,
        "speed_kmh": 28.9,
        "heading_deg": 286.5,
        "confidence_m": 108.0,
        "in_sanctuary": false
      },
      "geometry": {
        "type": "Point",
        "coordinates": [
          80.244687,
          13.039719
        ]
      }
    },
    {
      "type": "Feature",
      "properties": {
        "timestamp_s": 90.93,
        "speed_kmh": 29.2,
        "heading_deg": 286.7,
        "confidence_m": 108.7,
        "in_sanctuary": false
      },
      "geometry": {
        "type": "Point",
        "coordinates": [
          80.24468,
          13.039721
        ]
      }
    },
    {
      "type": "Feature",
      "properties": {
        "timestamp_s": 91.03,
        "speed_kmh": 29.9,
        "heading_deg": 286.7,
        "confidence_m": 109.4,
        "in_sanctuary": false
      },
      "geometry": {
        "type": "Point",
        "coordinates": [
          80.244673,
          13.039722
        ]
      }
    },
    {
      "type": "Feature",
      "properties": {
        "timestamp_s": 91.13,
        "speed_kmh": 29.8,
        "heading_deg": 286.4,
        "confidence_m": 110.1,
        "in_sanctuary": false
      },
      "geometry": {
        "type": "Point",
        "coordinates": [
          80.244665,
          13.039724
        ]
      }
    },
    {
      "type": "Feature",
      "properties": {
        "timestamp_s": 91.23,
        "speed_kmh": 28.5,
        "heading_deg": 286.7,
        "confidence_m": 110.8,
        "in_sanctuary": false
      },
      "geometry": {
        "type": "Point",
        "coordinates": [
          80.244658,
          13.039725
        ]
      }
    },
    {
      "type": "Feature",
      "properties": {
        "timestamp_s": 91.33,
        "speed_kmh": 28.8,
        "heading_deg": 286.7,
        "confidence_m": 111.5,
        "in_sanctuary": false
      },
      "geometry": {
        "type": "Point",
        "coordinates": [
          80.244651,
          13.039726
        ]
      }
    },
    {
      "type": "Feature",
      "properties": {
        "timestamp_s": 91.43,
        "speed_kmh": 29.7,
        "heading_deg": 286.8,
        "confidence_m": 112.2,
        "in_sanctuary": false
      },
      "geometry": {
        "type": "Point",
        "coordinates": [
          80.244643,
          13.039728
        ]
      }
    },
    {
      "type": "Feature",
      "properties": {
        "timestamp_s": 91.53,
        "speed_kmh": 30.1,
        "heading_deg": 286.9,
        "confidence_m": 112.9,
        "in_sanctuary": false
      },
      "geometry": {
        "type": "Point",
        "coordinates": [
          80.244636,
          13.039729
        ]
      }
    },
    {
      "type": "Feature",
      "properties": {
        "timestamp_s": 91.63,
        "speed_kmh": 30.6,
        "heading_deg": 287.0,
        "confidence_m": 113.6,
        "in_sanctuary": false
      },
      "geometry": {
        "type": "Point",
        "coordinates": [
          80.244628,
          13.039731
        ]
      }
    },
    {
      "type": "Feature",
      "properties": {
        "timestamp_s": 91.73,
        "speed_kmh": 31.2,
        "heading_deg": 287.0,
        "confidence_m": 114.3,
        "in_sanctuary": false
      },
      "geometry": {
        "type": "Point",
        "coordinates": [
          80.244621,
          13.039732
        ]
      }
    },
    {
      "type": "Feature",
      "properties": {
        "timestamp_s": 91.83,
        "speed_kmh": 31.7,
        "heading_deg": 287.2,
        "confidence_m": 115.1,
        "in_sanctuary": false
      },
      "geometry": {
        "type": "Point",
        "coordinates": [
          80.244613,
          13.039734
        ]
      }
    },
    {
      "type": "Feature",
      "properties": {
        "timestamp_s": 91.93,
        "speed_kmh": 30.8,
        "heading_deg": 287.4,
        "confidence_m": 115.9,
        "in_sanctuary": false
      },
      "geometry": {
        "type": "Point",
        "coordinates": [
          80.244603,
          13.039736
        ]
      }
    },
    {
      "type": "Feature",
      "properties": {
        "timestamp_s": 92.03,
        "speed_kmh": 30.7,
        "heading_deg": 287.6,
        "confidence_m": 116.6,
        "in_sanctuary": false
      },
      "geometry": {
        "type": "Point",
        "coordinates": [
          80.244596,
          13.039739
        ]
      }
    },
    {
      "type": "Feature",
      "properties": {
        "timestamp_s": 92.13,
        "speed_kmh": 30.8,
        "heading_deg": 287.4,
        "confidence_m": 117.4,
        "in_sanctuary": false
      },
      "geometry": {
        "type": "Point",
        "coordinates": [
          80.244588,
          13.039741
        ]
      }
    },
    {
      "type": "Feature",
      "properties": {
        "timestamp_s": 92.23,
        "speed_kmh": 31.0,
        "heading_deg": 287.4,
        "confidence_m": 118.1,
        "in_sanctuary": false
      },
      "geometry": {
        "type": "Point",
        "coordinates": [
          80.244581,
          13.039744
        ]
      }
    },
    {
      "type": "Feature",
      "properties": {
        "timestamp_s": 92.33,
        "speed_kmh": 29.8,
        "heading_deg": 287.4,
        "confidence_m": 118.9,
        "in_sanctuary": false
      },
      "geometry": {
        "type": "Point",
        "coordinates": [
          80.244573,
          13.039746
        ]
      }
    },
    {
      "type": "Feature",
      "properties": {
        "timestamp_s": 92.43,
        "speed_kmh": 29.0,
        "heading_deg": 287.4,
        "confidence_m": 119.6,
        "in_sanctuary": false
      },
      "geometry": {
        "type": "Point",
        "coordinates": [
          80.244566,
          13.039749
        ]
      }
    },
    {
      "type": "Feature",
      "properties": {
        "timestamp_s": 92.53,
        "speed_kmh": 28.9,
        "heading_deg": 287.3,
        "confidence_m": 120.3,
        "in_sanctuary": false
      },
      "geometry": {
        "type": "Point",
        "coordinates": [
          80.244559,
          13.039751
        ]
      }
    },
    {
      "type": "Feature",
      "properties": {
        "timestamp_s": 92.63,
        "speed_kmh": 28.3,
        "heading_deg": 287.0,
        "confidence_m": 121.0,
        "in_sanctuary": false
      },
      "geometry": {
        "type": "Point",
        "coordinates": [
          80.244552,
          13.039753
        ]
      }
    },
    {
      "type": "Feature",
      "properties": {
        "timestamp_s": 92.73,
        "speed_kmh": 27.8,
        "heading_deg": 287.2,
        "confidence_m": 121.7,
        "in_sanctuary": false
      },
      "geometry": {
        "type": "Point",
        "coordinates": [
          80.244548,
          13.039754
        ]
      }
    },
    {
      "type": "Feature",
      "properties": {
        "timestamp_s": 92.83,
        "speed_kmh": 28.6,
        "heading_deg": 287.1,
        "confidence_m": 122.4,
        "in_sanctuary": false
      },
      "geometry": {
        "type": "Point",
        "coordinates": [
          80.244542,
          13.039755
        ]
      }
    },
    {
      "type": "Feature",
      "properties": {
        "timestamp_s": 92.93,
        "speed_kmh": 29.0,
        "heading_deg": 286.8,
        "confidence_m": 123.1,
        "in_sanctuary": false
      },
      "geometry": {
        "type": "Point",
        "coordinates": [
          80.244534,
          13.039756
        ]
      }
    },
    {
      "type": "Feature",
      "properties": {
        "timestamp_s": 93.03,
        "speed_kmh": 28.1,
        "heading_deg": 286.8,
        "confidence_m": 123.8,
        "in_sanctuary": false
      },
      "geometry": {
        "type": "Point",
        "coordinates": [
          80.244527,
          13.039756
        ]
      }
    },
    {
      "type": "Feature",
      "properties": {
        "timestamp_s": 93.13,
        "speed_kmh": 27.1,
        "heading_deg": 286.7,
        "confidence_m": 124.5,
        "in_sanctuary": false
      },
      "geometry": {
        "type": "Point",
        "coordinates": [
          80.24452,
          13.039757
        ]
      }
    },
    {
      "type": "Feature",
      "properties": {
        "timestamp_s": 93.23,
        "speed_kmh": 26.8,
        "heading_deg": 286.5,
        "confidence_m": 125.2,
        "in_sanctuary": false
      },
      "geometry": {
        "type": "Point",
        "coordinates": [
          80.244513,
          13.039758
        ]
      }
    },
    {
      "type": "Feature",
      "properties": {
        "timestamp_s": 93.33,
        "speed_kmh": 26.2,
        "heading_deg": 286.9,
        "confidence_m": 125.9,
        "in_sanctuary": false
      },
      "geometry": {
        "type": "Point",
        "coordinates": [
          80.244507,
          13.039759
        ]
      }
    },
    {
      "type": "Feature",
      "properties": {
        "timestamp_s": 93.43,
        "speed_kmh": 25.6,
        "heading_deg": 286.5,
        "confidence_m": 126.5,
        "in_sanctuary": false
      },
      "geometry": {
        "type": "Point",
        "coordinates": [
          80.244501,
          13.039759
        ]
      }
    },
    {
      "type": "Feature",
      "properties": {
        "timestamp_s": 93.53,
        "speed_kmh": 25.6,
        "heading_deg": 286.1,
        "confidence_m": 127.2,
        "in_sanctuary": false
      },
      "geometry": {
        "type": "Point",
        "coordinates": [
          80.244494,
          13.03976
        ]
      }
    },
    {
      "type": "Feature",
      "properties": {
        "timestamp_s": 93.63,
        "speed_kmh": 25.6,
        "heading_deg": 286.0,
        "confidence_m": 127.8,
        "in_sanctuary": false
      },
      "geometry": {
        "type": "Point",
        "coordinates": [
          80.244487,
          13.03976
        ]
      }
    },
    {
      "type": "Feature",
      "properties": {
        "timestamp_s": 93.73,
        "speed_kmh": 24.9,
        "heading_deg": 286.1,
        "confidence_m": 128.5,
        "in_sanctuary": false
      },
      "geometry": {
        "type": "Point",
        "coordinates": [
          80.244481,
          13.039761
        ]
      }
    },
    {
      "type": "Feature",
      "properties": {
        "timestamp_s": 93.83,
        "speed_kmh": 24.1,
        "heading_deg": 286.1,
        "confidence_m": 129.1,
        "in_sanctuary": false
      },
      "geometry": {
        "type": "Point",
        "coordinates": [
          80.24447,
          13.039763
        ]
      }
    },
    {
      "type": "Feature",
      "properties": {
        "timestamp_s": 93.93,
        "speed_kmh": 24.0,
        "heading_deg": 286.3,
        "confidence_m": 129.7,
        "in_sanctuary": false
      },
      "geometry": {
        "type": "Point",
        "coordinates": [
          80.244464,
          13.039765
        ]
      }
    },
    {
      "type": "Feature",
      "properties": {
        "timestamp_s": 94.03,
        "speed_kmh": 24.5,
        "heading_deg": 286.5,
        "confidence_m": 130.4,
        "in_sanctuary": false
      },
      "geometry": {
        "type": "Point",
        "coordinates": [
          80.244458,
          13.039767
        ]
      }
    },
    {
      "type": "Feature",
      "properties": {
        "timestamp_s": 94.13,
        "speed_kmh": 24.9,
        "heading_deg": 286.8,
        "confidence_m": 131.0,
        "in_sanctuary": false
      },
      "geometry": {
        "type": "Point",
        "coordinates": [
          80.244452,
          13.039768
        ]
      }
    },
    {
      "type": "Feature",
      "properties": {
        "timestamp_s": 94.23,
        "speed_kmh": 25.7,
        "heading_deg": 287.0,
        "confidence_m": 131.7,
        "in_sanctuary": false
      },
      "geometry": {
        "type": "Point",
        "coordinates": [
          80.244446,
          13.03977
        ]
      }
    },
    {
      "type": "Feature",
      "properties": {
        "timestamp_s": 94.33,
        "speed_kmh": 26.1,
        "heading_deg": 287.2,
        "confidence_m": 132.4,
        "in_sanctuary": false
      },
      "geometry": {
        "type": "Point",
        "coordinates": [
          80.24444,
          13.039772
        ]
      }
    },
    {
      "type": "Feature",
      "properties": {
        "timestamp_s": 94.43,
        "speed_kmh": 25.4,
        "heading_deg": 287.4,
        "confidence_m": 133.0,
        "in_sanctuary": false
      },
      "geometry": {
        "type": "Point",
        "coordinates": [
          80.244434,
          13.039774
        ]
      }
    },
    {
      "type": "Feature",
      "properties": {
        "timestamp_s": 94.53,
        "speed_kmh": 24.9,
        "heading_deg": 287.8,
        "confidence_m": 133.7,
        "in_sanctuary": false
      },
      "geometry": {
        "type": "Point",
        "coordinates": [
          80.244427,
          13.039775
        ]
      }
    },
    {
      "type": "Feature",
      "properties": {
        "timestamp_s": 94.63,
        "speed_kmh": 24.3,
        "heading_deg": 288.2,
        "confidence_m": 134.3,
        "in_sanctuary": false
      },
      "geometry": {
        "type": "Point",
        "coordinates": [
          80.244421,
          13.039777
        ]
      }
    },
    {
      "type": "Feature",
      "properties": {
        "timestamp_s": 94.73,
        "speed_kmh": 24.8,
        "heading_deg": 287.8,
        "confidence_m": 135.0,
        "in_sanctuary": false
      },
      "geometry": {
        "type": "Point",
        "coordinates": [
          80.244415,
          13.039779
        ]
      }
    },
    {
      "type": "Feature",
      "properties": {
        "timestamp_s": 94.83,
        "speed_kmh": 24.8,
        "heading_deg": 287.6,
        "confidence_m": 135.6,
        "in_sanctuary": false
      },
      "geometry": {
        "type": "Point",
        "coordinates": [
          80.244409,
          13.03978
        ]
      }
    },
    {
      "type": "Feature",
      "properties": {
        "timestamp_s": 94.93,
        "speed_kmh": 24.4,
        "heading_deg": 287.3,
        "confidence_m": 136.3,
        "in_sanctuary": false
      },
      "geometry": {
        "type": "Point",
        "coordinates": [
          80.244403,
          13.039782
        ]
      }
    },
    {
      "type": "Feature",
      "properties": {
        "timestamp_s": 95.03,
        "speed_kmh": 24.5,
        "heading_deg": 287.4,
        "confidence_m": 136.9,
        "in_sanctuary": false
      },
      "geometry": {
        "type": "Point",
        "coordinates": [
          80.244398,
          13.039784
        ]
      }
    },
    {
      "type": "Feature",
      "properties": {
        "timestamp_s": 95.13,
        "speed_kmh": 24.6,
        "heading_deg": 287.5,
        "confidence_m": 137.6,
        "in_sanctuary": false
      },
      "geometry": {
        "type": "Point",
        "coordinates": [
          80.244392,
          13.039785
        ]
      }
    },
    {
      "type": "Feature",
      "properties": {
        "timestamp_s": 95.23,
        "speed_kmh": 24.7,
        "heading_deg": 287.4,
        "confidence_m": 138.3,
        "in_sanctuary": false
      },
      "geometry": {
        "type": "Point",
        "coordinates": [
          80.244385,
          13.039787
        ]
      }
    },
    {
      "type": "Feature",
      "properties": {
        "timestamp_s": 95.33,
        "speed_kmh": 24.6,
        "heading_deg": 287.7,
        "confidence_m": 138.9,
        "in_sanctuary": false
      },
      "geometry": {
        "type": "Point",
        "coordinates": [
          80.244379,
          13.039788
        ]
      }
    },
    {
      "type": "Feature",
      "properties": {
        "timestamp_s": 95.43,
        "speed_kmh": 24.6,
        "heading_deg": 287.8,
        "confidence_m": 139.6,
        "in_sanctuary": false
      },
      "geometry": {
        "type": "Point",
        "coordinates": [
          80.244374,
          13.03979
        ]
      }
    },
    {
      "type": "Feature",
      "properties": {
        "timestamp_s": 95.53,
        "speed_kmh": 25.0,
        "heading_deg": 288.2,
        "confidence_m": 140.3,
        "in_sanctuary": false
      },
      "geometry": {
        "type": "Point",
        "coordinates": [
          80.244367,
          13.039791
        ]
      }
    },
    {
      "type": "Feature",
      "properties": {
        "timestamp_s": 95.63,
        "speed_kmh": 25.3,
        "heading_deg": 288.3,
        "confidence_m": 141.0,
        "in_sanctuary": false
      },
      "geometry": {
        "type": "Point",
        "coordinates": [
          80.244361,
          13.039793
        ]
      }
    },
    {
      "type": "Feature",
      "properties": {
        "timestamp_s": 95.73,
        "speed_kmh": 25.5,
        "heading_deg": 288.8,
        "confidence_m": 141.6,
        "in_sanctuary": false
      },
      "geometry": {
        "type": "Point",
        "coordinates": [
          80.244355,
          13.039795
        ]
      }
    },
    {
      "type": "Feature",
      "properties": {
        "timestamp_s": 95.83,
        "speed_kmh": 25.5,
        "heading_deg": 289.1,
        "confidence_m": 142.3,
        "in_sanctuary": false
      },
      "geometry": {
        "type": "Point",
        "coordinates": [
          80.244349,
          13.039796
        ]
      }
    },
    {
      "type": "Feature",
      "properties": {
        "timestamp_s": 95.93,
        "speed_kmh": 24.9,
        "heading_deg": 289.4,
        "confidence_m": 143.0,
        "in_sanctuary": false
      },
      "geometry": {
        "type": "Point",
        "coordinates": [
          80.244342,
          13.039798
        ]
      }
    },
    {
      "type": "Feature",
      "properties": {
        "timestamp_s": 96.03,
        "speed_kmh": 23.7,
        "heading_deg": 289.7,
        "confidence_m": 143.7,
        "in_sanctuary": false
      },
      "geometry": {
        "type": "Point",
        "coordinates": [
          80.244336,
          13.0398
        ]
      }
    },
    {
      "type": "Feature",
      "properties": {
        "timestamp_s": 96.13,
        "speed_kmh": 22.6,
        "heading_deg": 289.5,
        "confidence_m": 144.3,
        "in_sanctuary": false
      },
      "geometry": {
        "type": "Point",
        "coordinates": [
          80.244331,
          13.039801
        ]
      }
    },
    {
      "type": "Feature",
      "properties": {
        "timestamp_s": 96.23,
        "speed_kmh": 22.5,
        "heading_deg": 289.8,
        "confidence_m": 145.0,
        "in_sanctuary": false
      },
      "geometry": {
        "type": "Point",
        "coordinates": [
          80.244325,
          13.039802
        ]
      }
    },
    {
      "type": "Feature",
      "properties": {
        "timestamp_s": 96.33,
        "speed_kmh": 22.8,
        "heading_deg": 289.6,
        "confidence_m": 145.6,
        "in_sanctuary": false
      },
      "geometry": {
        "type": "Point",
        "coordinates": [
          80.244318,
          13.039805
        ]
      }
    },
    {
      "type": "Feature",
      "properties": {
        "timestamp_s": 96.43,
        "speed_kmh": 22.2,
        "heading_deg": 290.6,
        "confidence_m": 146.2,
        "in_sanctuary": false
      },
      "geometry": {
        "type": "Point",
        "coordinates": [
          80.244312,
          13.039806
        ]
      }
    },
    {
      "type": "Feature",
      "properties": {
        "timestamp_s": 96.53,
        "speed_kmh": 21.4,
        "heading_deg": 291.3,
        "confidence_m": 146.8,
        "in_sanctuary": false
      },
      "geometry": {
        "type": "Point",
        "coordinates": [
          80.244307,
          13.039808
        ]
      }
    },
    {
      "type": "Feature",
      "properties": {
        "timestamp_s": 96.63,
        "speed_kmh": 20.2,
        "heading_deg": 292.0,
        "confidence_m": 147.4,
        "in_sanctuary": false
      },
      "geometry": {
        "type": "Point",
        "coordinates": [
          80.244303,
          13.039809
        ]
      }
    },
    {
      "type": "Feature",
      "properties": {
        "timestamp_s": 96.73,
        "speed_kmh": 19.5,
        "heading_deg": 292.4,
        "confidence_m": 147.9,
        "in_sanctuary": false
      },
      "geometry": {
        "type": "Point",
        "coordinates": [
          80.244298,
          13.039811
        ]
      }
    },
    {
      "type": "Feature",
      "properties": {
        "timestamp_s": 96.83,
        "speed_kmh": 18.9,
        "heading_deg": 293.0,
        "confidence_m": 148.5,
        "in_sanctuary": false
      },
      "geometry": {
        "type": "Point",
        "coordinates": [
          80.244293,
          13.039812
        ]
      }
    },
    {
      "type": "Feature",
      "properties": {
        "timestamp_s": 96.93,
        "speed_kmh": 18.5,
        "heading_deg": 294.0,
        "confidence_m": 149.0,
        "in_sanctuary": false
      },
      "geometry": {
        "type": "Point",
        "coordinates": [
          80.244288,
          13.039813
        ]
      }
    },
    {
      "type": "Feature",
      "properties": {
        "timestamp_s": 97.03,
        "speed_kmh": 18.3,
        "heading_deg": 295.0,
        "confidence_m": 149.5,
        "in_sanctuary": false
      },
      "geometry": {
        "type": "Point",
        "coordinates": [
          80.244284,
          13.039815
        ]
      }
    },
    {
      "type": "Feature",
      "properties": {
        "timestamp_s": 97.13,
        "speed_kmh": 17.5,
        "heading_deg": 295.6,
        "confidence_m": 150.0,
        "in_sanctuary": false
      },
      "geometry": {
        "type": "Point",
        "coordinates": [
          80.244279,
          13.039816
        ]
      }
    },
    {
      "type": "Feature",
      "properties": {
        "timestamp_s": 97.23,
        "speed_kmh": 15.9,
        "heading_deg": 295.9,
        "confidence_m": 150.5,
        "in_sanctuary": false
      },
      "geometry": {
        "type": "Point",
        "coordinates": [
          80.244276,
          13.039817
        ]
      }
    },
    {
      "type": "Feature",
      "properties": {
        "timestamp_s": 97.33,
        "speed_kmh": 15.2,
        "heading_deg": 296.7,
        "confidence_m": 150.9,
        "in_sanctuary": false
      },
      "geometry": {
        "type": "Point",
        "coordinates": [
          80.244271,
          13.039819
        ]
      }
    },
    {
      "type": "Feature",
      "properties": {
        "timestamp_s": 97.43,
        "speed_kmh": 15.2,
        "heading_deg": 298.2,
        "confidence_m": 151.3,
        "in_sanctuary": false
      },
      "geometry": {
        "type": "Point",
        "coordinates": [
          80.244268,
          13.03982
        ]
      }
    },
    {
      "type": "Feature",
      "properties": {
        "timestamp_s": 97.53,
        "speed_kmh": 15.0,
        "heading_deg": 299.7,
        "confidence_m": 151.8,
        "in_sanctuary": false
      },
      "geometry": {
        "type": "Point",
        "coordinates": [
          80.244264,
          13.039821
        ]
      }
    },
    {
      "type": "Feature",
      "properties": {
        "timestamp_s": 97.63,
        "speed_kmh": 14.5,
        "heading_deg": 300.7,
        "confidence_m": 152.2,
        "in_sanctuary": false
      },
      "geometry": {
        "type": "Point",
        "coordinates": [
          80.244261,
          13.039822
        ]
      }
    },
    {
      "type": "Feature",
      "properties": {
        "timestamp_s": 97.73,
        "speed_kmh": 14.5,
        "heading_deg": 301.9,
        "confidence_m": 152.6,
        "in_sanctuary": false
      },
      "geometry": {
        "type": "Point",
        "coordinates": [
          80.244257,
          13.039823
        ]
      }
    },
    {
      "type": "Feature",
      "properties": {
        "timestamp_s": 97.83,
        "speed_kmh": 14.3,
        "heading_deg": 304.5,
        "confidence_m": 153.0,
        "in_sanctuary": false
      },
      "geometry": {
        "type": "Point",
        "coordinates": [
          80.244253,
          13.039824
        ]
      }
    },
    {
      "type": "Feature",
      "properties": {
        "timestamp_s": 97.93,
        "speed_kmh": 14.3,
        "heading_deg": 306.5,
        "confidence_m": 153.4,
        "in_sanctuary": false
      },
      "geometry": {
        "type": "Point",
        "coordinates": [
          80.244249,
          13.039825
        ]
      }
    },
    {
      "type": "Feature",
      "properties": {
        "timestamp_s": 98.03,
        "speed_kmh": 14.0,
        "heading_deg": 308.1,
        "confidence_m": 153.8,
        "in_sanctuary": false
      },
      "geometry": {
        "type": "Point",
        "coordinates": [
          80.244246,
          13.039827
        ]
      }
    },
    {
      "type": "Feature",
      "properties": {
        "timestamp_s": 98.13,
        "speed_kmh": 13.5,
        "heading_deg": 309.8,
        "confidence_m": 154.1,
        "in_sanctuary": true
      },
      "geometry": {
        "type": "Point",
        "coordinates": [
          80.244243,
          13.039828
        ]
      }
    },
    {
      "type": "Feature",
      "properties": {
        "timestamp_s": 98.23,
        "speed_kmh": 13.8,
        "heading_deg": 311.8,
        "confidence_m": 154.5,
        "in_sanctuary": true
      },
      "geometry": {
        "type": "Point",
        "coordinates": [
          80.24424,
          13.039829
        ]
      }
    },
    {
      "type": "Feature",
      "properties": {
        "timestamp_s": 98.33,
        "speed_kmh": 14.1,
        "heading_deg": 313.8,
        "confidence_m": 154.9,
        "in_sanctuary": true
      },
      "geometry": {
        "type": "Point",
        "coordinates": [
          80.244237,
          13.03983
        ]
      }
    },
    {
      "type": "Feature",
      "properties": {
        "timestamp_s": 98.43,
        "speed_kmh": 13.7,
        "heading_deg": 315.0,
        "confidence_m": 155.2,
        "in_sanctuary": true
      },
      "geometry": {
        "type": "Point",
        "coordinates": [
          80.244234,
          13.039831
        ]
      }
    },
    {
      "type": "Feature",
      "properties": {
        "timestamp_s": 98.53,
        "speed_kmh": 14.6,
        "heading_deg": 317.1,
        "confidence_m": 155.6,
        "in_sanctuary": true
      },
      "geometry": {
        "type": "Point",
        "coordinates": [
          80.244231,
          13.039832
        ]
      }
    },
    {
      "type": "Feature",
      "properties": {
        "timestamp_s": 98.63,
        "speed_kmh": 16.3,
        "heading_deg": 318.7,
        "confidence_m": 156.0,
        "in_sanctuary": true
      },
      "geometry": {
        "type": "Point",
        "coordinates": [
          80.244227,
          13.039833
        ]
      }
    },
    {
      "type": "Feature",
      "properties": {
        "timestamp_s": 98.73,
        "speed_kmh": 16.5,
        "heading_deg": 320.0,
        "confidence_m": 156.4,
        "in_sanctuary": true
      },
      "geometry": {
        "type": "Point",
        "coordinates": [
          80.244224,
          13.039834
        ]
      }
    },
    {
      "type": "Feature",
      "properties": {
        "timestamp_s": 98.83,
        "speed_kmh": 16.6,
        "heading_deg": 320.9,
        "confidence_m": 156.8,
        "in_sanctuary": true
      },
      "geometry": {
        "type": "Point",
        "coordinates": [
          80.244221,
          13.039835
        ]
      }
    },
    {
      "type": "Feature",
      "properties": {
        "timestamp_s": 98.93,
        "speed_kmh": 16.9,
        "heading_deg": 322.3,
        "confidence_m": 157.2,
        "in_sanctuary": true
      },
      "geometry": {
        "type": "Point",
        "coordinates": [
          80.244217,
          13.039836
        ]
      }
    },
    {
      "type": "Feature",
      "properties": {
        "timestamp_s": 99.03,
        "speed_kmh": 17.4,
        "heading_deg": 323.3,
        "confidence_m": 157.7,
        "in_sanctuary": true
      },
      "geometry": {
        "type": "Point",
        "coordinates": [
          80.244213,
          13.039838
        ]
      }
    },
    {
      "type": "Feature",
      "properties": {
        "timestamp_s": 99.13,
        "speed_kmh": 17.4,
        "heading_deg": 324.3,
        "confidence_m": 158.1,
        "in_sanctuary": true
      },
      "geometry": {
        "type": "Point",
        "coordinates": [
          80.24421,
          13.039839
        ]
      }
    },
    {
      "type": "Feature",
      "properties": {
        "timestamp_s": 99.23,
        "speed_kmh": 16.9,
        "heading_deg": 325.7,
        "confidence_m": 158.5,
        "in_sanctuary": true
      },
      "geometry": {
        "type": "Point",
        "coordinates": [
          80.244207,
          13.03984
        ]
      }
    },
    {
      "type": "Feature",
      "properties": {
        "timestamp_s": 99.33,
        "speed_kmh": 16.1,
        "heading_deg": 327.9,
        "confidence_m": 158.9,
        "in_sanctuary": true
      },
      "geometry": {
        "type": "Point",
        "coordinates": [
          80.244204,
          13.039841
        ]
      }
    },
    {
      "type": "Feature",
      "properties": {
        "timestamp_s": 99.43,
        "speed_kmh": 15.7,
        "heading_deg": 329.4,
        "confidence_m": 159.2,
        "in_sanctuary": true
      },
      "geometry": {
        "type": "Point",
        "coordinates": [
          80.244225,
          13.039909
        ]
      }
    },
    {
      "type": "Feature",
      "properties": {
        "timestamp_s": 99.53,
        "speed_kmh": 14.4,
        "heading_deg": 331.5,
        "confidence_m": 159.6,
        "in_sanctuary": true
      },
      "geometry": {
        "type": "Point",
        "coordinates": [
          80.244223,
          13.039913
        ]
      }
    },
    {
      "type": "Feature",
      "properties": {
        "timestamp_s": 99.63,
        "speed_kmh": 14.4,
        "heading_deg": 333.6,
        "confidence_m": 159.9,
        "in_sanctuary": true
      },
      "geometry": {
        "type": "Point",
        "coordinates": [
          80.244221,
          13.039916
        ]
      }
    },
    {
      "type": "Feature",
      "properties": {
        "timestamp_s": 99.73,
        "speed_kmh": 15.3,
        "heading_deg": 335.3,
        "confidence_m": 160.2,
        "in_sanctuary": true
      },
      "geometry": {
        "type": "Point",
        "coordinates": [
          80.24422,
          13.039919
        ]
      }
    },
    {
      "type": "Feature",
      "properties": {
        "timestamp_s": 99.83,
        "speed_kmh": 16.2,
        "heading_deg": 336.8,
        "confidence_m": 160.6,
        "in_sanctuary": true
      },
      "geometry": {
        "type": "Point",
        "coordinates": [
          80.244218,
          13.039923
        ]
      }
    },
    {
      "type": "Feature",
      "properties": {
        "timestamp_s": 99.93,
        "speed_kmh": 17.1,
        "heading_deg": 338.0,
        "confidence_m": 160.9,
        "in_sanctuary": true
      },
      "geometry": {
        "type": "Point",
        "coordinates": [
          80.244216,
          13.039927
        ]
      }
    },
    {
      "type": "Feature",
      "properties": {
        "timestamp_s": 100.03,
        "speed_kmh": 18.4,
        "heading_deg": 339.3,
        "confidence_m": 161.2,
        "in_sanctuary": true
      },
      "geometry": {
        "type": "Point",
        "coordinates": [
          80.244215,
          13.039931
        ]
      }
    },
    {
      "type": "Feature",
      "properties": {
        "timestamp_s": 100.13,
        "speed_kmh": 19.3,
        "heading_deg": 340.6,
        "confidence_m": 161.6,
        "in_sanctuary": true
      },
      "geometry": {
        "type": "Point",
        "coordinates": [
          80.244213,
          13.039935
        ]
      }
    },
    {
      "type": "Feature",
      "properties": {
        "timestamp_s": 100.23,
        "speed_kmh": 20.0,
        "heading_deg": 342.3,
        "confidence_m": 162.0,
        "in_sanctuary": true
      },
      "geometry": {
        "type": "Point",
        "coordinates": [
          80.244211,
          13.03994
        ]
      }
    },
    {
      "type": "Feature",
      "properties": {
        "timestamp_s": 100.33,
        "speed_kmh": 20.7,
        "heading_deg": 343.7,
        "confidence_m": 162.4,
        "in_sanctuary": true
      },
      "geometry": {
        "type": "Point",
        "coordinates": [
          80.24421,
          13.039945
        ]
      }
    },
    {
      "type": "Feature",
      "properties": {
        "timestamp_s": 100.43,
        "speed_kmh": 20.8,
        "heading_deg": 345.5,
        "confidence_m": 162.7,
        "in_sanctuary": true
      },
      "geometry": {
        "type": "Point",
        "coordinates": [
          80.244208,
          13.03995
        ]
      }
    },
    {
      "type": "Feature",
      "properties": {
        "timestamp_s": 100.53,
        "speed_kmh": 20.4,
        "heading_deg": 347.6,
        "confidence_m": 163.1,
        "in_sanctuary": true
      },
      "geometry": {
        "type": "Point",
        "coordinates": [
          80.244207,
          13.039955
        ]
      }
    },
    {
      "type": "Feature",
      "properties": {
        "timestamp_s": 100.63,
        "speed_kmh": 20.2,
        "heading_deg": 349.7,
        "confidence_m": 163.4,
        "in_sanctuary": true
      },
      "geometry": {
        "type": "Point",
        "coordinates": [
          80.244206,
          13.03996
        ]
      }
    },
    {
      "type": "Feature",
      "properties": {
        "timestamp_s": 100.73,
        "speed_kmh": 19.7,
        "heading_deg": 351.0,
        "confidence_m": 163.7,
        "in_sanctuary": true
      },
      "geometry": {
        "type": "Point",
        "coordinates": [
          80.244205,
          13.039965
        ]
      }
    },
    {
      "type": "Feature",
      "properties": {
        "timestamp_s": 100.83,
        "speed_kmh": 18.9,
        "heading_deg": 352.2,
        "confidence_m": 164.0,
        "in_sanctuary": true
      },
      "geometry": {
        "type": "Point",
        "coordinates": [
          80.244205,
          13.039969
        ]
      }
    },
    {
      "type": "Feature",
      "properties": {
        "timestamp_s": 100.93,
        "speed_kmh": 17.1,
        "heading_deg": 352.6,
        "confidence_m": 164.3,
        "in_sanctuary": true
      },
      "geometry": {
        "type": "Point",
        "coordinates": [
          80.244204,
          13.039974
        ]
      }
    },
    {
      "type": "Feature",
      "properties": {
        "timestamp_s": 101.03,
        "speed_kmh": 16.3,
        "heading_deg": 353.3,
        "confidence_m": 164.6,
        "in_sanctuary": true
      },
      "geometry": {
        "type": "Point",
        "coordinates": [
          80.244203,
          13.039978
        ]
      }
    },
    {
      "type": "Feature",
      "properties": {
        "timestamp_s": 101.13,
        "speed_kmh": 16.2,
        "heading_deg": 353.0,
        "confidence_m": 164.8,
        "in_sanctuary": true
      },
      "geometry": {
        "type": "Point",
        "coordinates": [
          80.244203,
          13.039982
        ]
      }
    },
    {
      "type": "Feature",
      "properties": {
        "timestamp_s": 101.23,
        "speed_kmh": 15.9,
        "heading_deg": 354.0,
        "confidence_m": 165.1,
        "in_sanctuary": true
      },
      "geometry": {
        "type": "Point",
        "coordinates": [
          80.244202,
          13.039986
        ]
      }
    },
    {
      "type": "Feature",
      "properties": {
        "timestamp_s": 101.33,
        "speed_kmh": 15.8,
        "heading_deg": 355.0,
        "confidence_m": 165.3,
        "in_sanctuary": true
      },
      "geometry": {
        "type": "Point",
        "coordinates": [
          80.244202,
          13.03999
        ]
      }
    },
    {
      "type": "Feature",
      "properties": {
        "timestamp_s": 101.43,
        "speed_kmh": 15.9,
        "heading_deg": 357.3,
        "confidence_m": 165.5,
        "in_sanctuary": true
      },
      "geometry": {
        "type": "Point",
        "coordinates": [
          80.244202,
          13.039994
        ]
      }
    },
    {
      "type": "Feature",
      "properties": {
        "timestamp_s": 101.53,
        "speed_kmh": 15.9,
        "heading_deg": 359.9,
        "confidence_m": 165.7,
        "in_sanctuary": true
      },
      "geometry": {
        "type": "Point",
        "coordinates": [
          80.244202,
          13.039998
        ]
      }
    },
    {
      "type": "Feature",
      "properties": {
        "timestamp_s": 101.63,
        "speed_kmh": 16.0,
        "heading_deg": 1.7,
        "confidence_m": 165.9,
        "in_sanctuary": true
      },
      "geometry": {
        "type": "Point",
        "coordinates": [
          80.244202,
          13.040002
        ]
      }
    },
    {
      "type": "Feature",
      "properties": {
        "timestamp_s": 101.73,
        "speed_kmh": 16.3,
        "heading_deg": 2.5,
        "confidence_m": 166.1,
        "in_sanctuary": true
      },
      "geometry": {
        "type": "Point",
        "coordinates": [
          80.244202,
          13.040006
        ]
      }
    },
    {
      "type": "Feature",
      "properties": {
        "timestamp_s": 101.83,
        "speed_kmh": 16.9,
        "heading_deg": 2.5,
        "confidence_m": 166.3,
        "in_sanctuary": true
      },
      "geometry": {
        "type": "Point",
        "coordinates": [
          80.244202,
          13.04001
        ]
      }
    },
    {
      "type": "Feature",
      "properties": {
        "timestamp_s": 101.93,
        "speed_kmh": 17.6,
        "heading_deg": 1.8,
        "confidence_m": 166.5,
        "in_sanctuary": true
      },
      "geometry": {
        "type": "Point",
        "coordinates": [
          80.244202,
          13.040014
        ]
      }
    },
    {
      "type": "Feature",
      "properties": {
        "timestamp_s": 102.03,
        "speed_kmh": 17.4,
        "heading_deg": 1.7,
        "confidence_m": 166.7,
        "in_sanctuary": true
      },
      "geometry": {
        "type": "Point",
        "coordinates": [
          80.244202,
          13.040019
        ]
      }
    },
    {
      "type": "Feature",
      "properties": {
        "timestamp_s": 102.13,
        "speed_kmh": 17.1,
        "heading_deg": 1.1,
        "confidence_m": 167.0,
        "in_sanctuary": true
      },
      "geometry": {
        "type": "Point",
        "coordinates": [
          80.244202,
          13.040023
        ]
      }
    },
    {
      "type": "Feature",
      "properties": {
        "timestamp_s": 102.23,
        "speed_kmh": 16.6,
        "heading_deg": 0.9,
        "confidence_m": 167.2,
        "in_sanctuary": true
      },
      "geometry": {
        "type": "Point",
        "coordinates": [
          80.244203,
          13.040027
        ]
      }
    },
    {
      "type": "Feature",
      "properties": {
        "timestamp_s": 102.33,
        "speed_kmh": 16.4,
        "heading_deg": 1.4,
        "confidence_m": 167.4,
        "in_sanctuary": true
      },
      "geometry": {
        "type": "Point",
        "coordinates": [
          80.244203,
          13.040031
        ]
      }
    },
    {
      "type": "Feature",
      "properties": {
        "timestamp_s": 102.43,
        "speed_kmh": 16.2,
        "heading_deg": 1.6,
        "confidence_m": 167.6,
        "in_sanctuary": true
      },
      "geometry": {
        "type": "Point",
        "coordinates": [
          80.244203,
          13.040035
        ]
      }
    },
    {
      "type": "Feature",
      "properties": {
        "timestamp_s": 102.53,
        "speed_kmh": 16.6,
        "heading_deg": 2.7,
        "confidence_m": 167.8,
        "in_sanctuary": true
      },
      "geometry": {
        "type": "Point",
        "coordinates": [
          80.244203,
          13.040039
        ]
      }
    },
    {
      "type": "Feature",
      "properties": {
        "timestamp_s": 102.63,
        "speed_kmh": 17.2,
        "heading_deg": 4.0,
        "confidence_m": 168.0,
        "in_sanctuary": true
      },
      "geometry": {
        "type": "Point",
        "coordinates": [
          80.244203,
          13.040044
        ]
      }
    },
    {
      "type": "Feature",
      "properties": {
        "timestamp_s": 102.73,
        "speed_kmh": 17.7,
        "heading_deg": 4.8,
        "confidence_m": 168.2,
        "in_sanctuary": true
      },
      "geometry": {
        "type": "Point",
        "coordinates": [
          80.244203,
          13.040048
        ]
      }
    },
    {
      "type": "Feature",
      "properties": {
        "timestamp_s": 102.83,
        "speed_kmh": 18.3,
        "heading_deg": 5.3,
        "confidence_m": 168.4,
        "in_sanctuary": true
      },
      "geometry": {
        "type": "Point",
        "coordinates": [
          80.244204,
          13.040052
        ]
      }
    },
    {
      "type": "Feature",
      "properties": {
        "timestamp_s": 102.93,
        "speed_kmh": 19.1,
        "heading_deg": 5.1,
        "confidence_m": 168.7,
        "in_sanctuary": true
      },
      "geometry": {
        "type": "Point",
        "coordinates": [
          80.244204,
          13.040057
        ]
      }
    },
    {
      "type": "Feature",
      "properties": {
        "timestamp_s": 103.03,
        "speed_kmh": 19.8,
        "heading_deg": 5.5,
        "confidence_m": 168.9,
        "in_sanctuary": true
      },
      "geometry": {
        "type": "Point",
        "coordinates": [
          80.243996,
          13.040071
        ]
      }
    },
    {
      "type": "Feature",
      "properties": {
        "timestamp_s": 103.13,
        "speed_kmh": 20.7,
        "heading_deg": 5.4,
        "confidence_m": 169.1,
        "in_sanctuary": true
      },
      "geometry": {
        "type": "Point",
        "coordinates": [
          80.243998,
          13.040094
        ]
      }
    },
    {
      "type": "Feature",
      "properties": {
        "timestamp_s": 103.23,
        "speed_kmh": 21.9,
        "heading_deg": 5.4,
        "confidence_m": 169.4,
        "in_sanctuary": true
      },
      "geometry": {
        "type": "Point",
        "coordinates": [
          80.243999,
          13.040099
        ]
      }
    },
    {
      "type": "Feature",
      "properties": {
        "timestamp_s": 103.33,
        "speed_kmh": 23.1,
        "heading_deg": 4.9,
        "confidence_m": 169.6,
        "in_sanctuary": true
      },
      "geometry": {
        "type": "Point",
        "coordinates": [
          80.243999,
          13.040105
        ]
      }
    },
    {
      "type": "Feature",
      "properties": {
        "timestamp_s": 103.43,
        "speed_kmh": 22.9,
        "heading_deg": 5.2,
        "confidence_m": 169.9,
        "in_sanctuary": true
      },
      "geometry": {
        "type": "Point",
        "coordinates": [
          80.244,
          13.040111
        ]
      }
    },
    {
      "type": "Feature",
      "properties": {
        "timestamp_s": 103.53,
        "speed_kmh": 22.4,
        "heading_deg": 5.2,
        "confidence_m": 170.1,
        "in_sanctuary": true
      },
      "geometry": {
        "type": "Point",
        "coordinates": [
          80.244001,
          13.040116
        ]
      }
    },
    {
      "type": "Feature",
      "properties": {
        "timestamp_s": 103.63,
        "speed_kmh": 22.1,
        "heading_deg": 5.1,
        "confidence_m": 170.4,
        "in_sanctuary": true
      },
      "geometry": {
        "type": "Point",
        "coordinates": [
          80.244002,
          13.040121
        ]
      }
    },
    {
      "type": "Feature",
      "properties": {
        "timestamp_s": 103.73,
        "speed_kmh": 21.7,
        "heading_deg": 5.4,
        "confidence_m": 170.7,
        "in_sanctuary": true
      },
      "geometry": {
        "type": "Point",
        "coordinates": [
          80.244002,
          13.040127
        ]
      }
    },
    {
      "type": "Feature",
      "properties": {
        "timestamp_s": 103.83,
        "speed_kmh": 21.6,
        "heading_deg": 5.5,
        "confidence_m": 171.0,
        "in_sanctuary": true
      },
      "geometry": {
        "type": "Point",
        "coordinates": [
          80.244003,
          13.040132
        ]
      }
    },
    {
      "type": "Feature",
      "properties": {
        "timestamp_s": 103.93,
        "speed_kmh": 22.0,
        "heading_deg": 5.6,
        "confidence_m": 171.2,
        "in_sanctuary": true
      },
      "geometry": {
        "type": "Point",
        "coordinates": [
          80.244004,
          13.040138
        ]
      }
    },
    {
      "type": "Feature",
      "properties": {
        "timestamp_s": 104.03,
        "speed_kmh": 21.6,
        "heading_deg": 6.1,
        "confidence_m": 171.5,
        "in_sanctuary": true
      },
      "geometry": {
        "type": "Point",
        "coordinates": [
          80.244006,
          13.040152
        ]
      }
    },
    {
      "type": "Feature",
      "properties": {
        "timestamp_s": 104.13,
        "speed_kmh": 21.5,
        "heading_deg": 6.5,
        "confidence_m": 171.8,
        "in_sanctuary": true
      },
      "geometry": {
        "type": "Point",
        "coordinates": [
          80.244007,
          13.040157
        ]
      }
    },
    {
      "type": "Feature",
      "properties": {
        "timestamp_s": 104.23,
        "speed_kmh": 21.7,
        "heading_deg": 7.1,
        "confidence_m": 172.0,
        "in_sanctuary": true
      },
      "geometry": {
        "type": "Point",
        "coordinates": [
          80.244008,
          13.040162
        ]
      }
    },
    {
      "type": "Feature",
      "properties": {
        "timestamp_s": 104.33,
        "speed_kmh": 22.5,
        "heading_deg": 7.6,
        "confidence_m": 172.3,
        "in_sanctuary": true
      },
      "geometry": {
        "type": "Point",
        "coordinates": [
          80.244009,
          13.040168
        ]
      }
    },
    {
      "type": "Feature",
      "properties": {
        "timestamp_s": 104.43,
        "speed_kmh": 23.0,
        "heading_deg": 7.9,
        "confidence_m": 172.6,
        "in_sanctuary": true
      },
      "geometry": {
        "type": "Point",
        "coordinates": [
          80.24401,
          13.040174
        ]
      }
    },
    {
      "type": "Feature",
      "properties": {
        "timestamp_s": 104.53,
        "speed_kmh": 23.2,
        "heading_deg": 7.9,
        "confidence_m": 172.9,
        "in_sanctuary": true
      },
      "geometry": {
        "type": "Point",
        "coordinates": [
          80.244011,
          13.040179
        ]
      }
    },
    {
      "type": "Feature",
      "properties": {
        "timestamp_s": 104.63,
        "speed_kmh": 23.5,
        "heading_deg": 7.8,
        "confidence_m": 173.2,
        "in_sanctuary": true
      },
      "geometry": {
        "type": "Point",
        "coordinates": [
          80.244012,
          13.040185
        ]
      }
    },
    {
      "type": "Feature",
      "properties": {
        "timestamp_s": 104.73,
        "speed_kmh": 24.0,
        "heading_deg": 7.8,
        "confidence_m": 173.5,
        "in_sanctuary": true
      },
      "geometry": {
        "type": "Point",
        "coordinates": [
          80.244013,
          13.04019
        ]
      }
    },
    {
      "type": "Feature",
      "properties": {
        "timestamp_s": 104.83,
        "speed_kmh": 23.1,
        "heading_deg": 8.0,
        "confidence_m": 173.8,
        "in_sanctuary": true
      },
      "geometry": {
        "type": "Point",
        "coordinates": [
          80.244018,
          13.040211
        ]
      }
    },
    {
      "type": "Feature",
      "properties": {
        "timestamp_s": 104.93,
        "speed_kmh": 22.6,
        "heading_deg": 7.9,
        "confidence_m": 174.1,
        "in_sanctuary": true
      },
      "geometry": {
        "type": "Point",
        "coordinates": [
          80.244019,
          13.040216
        ]
      }
    },
    {
      "type": "Feature",
      "properties": {
        "timestamp_s": 105.03,
        "speed_kmh": 22.8,
        "heading_deg": 7.8,
        "confidence_m": 174.4,
        "in_sanctuary": true
      },
      "geometry": {
        "type": "Point",
        "coordinates": [
          80.244021,
          13.040222
        ]
      }
    },
    {
      "type": "Feature",
      "properties": {
        "timestamp_s": 105.13,
        "speed_kmh": 22.9,
        "heading_deg": 7.8,
        "confidence_m": 174.7,
        "in_sanctuary": true
      },
      "geometry": {
        "type": "Point",
        "coordinates": [
          80.244022,
          13.040227
        ]
      }
    },
    {
      "type": "Feature",
      "properties": {
        "timestamp_s": 105.23,
        "speed_kmh": 22.6,
        "heading_deg": 7.6,
        "confidence_m": 175.0,
        "in_sanctuary": true
      },
      "geometry": {
        "type": "Point",
        "coordinates": [
          80.244024,
          13.040233
        ]
      }
    },
    {
      "type": "Feature",
      "properties": {
        "timestamp_s": 105.33,
        "speed_kmh": 21.9,
        "heading_deg": 7.6,
        "confidence_m": 175.3,
        "in_sanctuary": true
      },
      "geometry": {
        "type": "Point",
        "coordinates": [
          80.244025,
          13.040238
        ]
      }
    },
    {
      "type": "Feature",
      "properties": {
        "timestamp_s": 105.43,
        "speed_kmh": 21.1,
        "heading_deg": 7.7,
        "confidence_m": 175.6,
        "in_sanctuary": true
      },
      "geometry": {
        "type": "Point",
        "coordinates": [
          80.244026,
          13.040243
        ]
      }
    },
    {
      "type": "Feature",
      "properties": {
        "timestamp_s": 105.53,
        "speed_kmh": 20.7,
        "heading_deg": 7.5,
        "confidence_m": 175.9,
        "in_sanctuary": true
      },
      "geometry": {
        "type": "Point",
        "coordinates": [
          80.244028,
          13.040248
        ]
      }
    },
    {
      "type": "Feature",
      "properties": {
        "timestamp_s": 105.63,
        "speed_kmh": 20.3,
        "heading_deg": 7.3,
        "confidence_m": 176.2,
        "in_sanctuary": true
      },
      "geometry": {
        "type": "Point",
        "coordinates": [
          80.244029,
          13.040253
        ]
      }
    },
    {
      "type": "Feature",
      "properties": {
        "timestamp_s": 105.73,
        "speed_kmh": 20.0,
        "heading_deg": 7.2,
        "confidence_m": 176.5,
        "in_sanctuary": true
      },
      "geometry": {
        "type": "Point",
        "coordinates": [
          80.244029,
          13.040254
        ]
      }
    },
    {
      "type": "Feature",
      "properties": {
        "timestamp_s": 105.83,
        "speed_kmh": 20.4,
        "heading_deg": 6.9,
        "confidence_m": 176.8,
        "in_sanctuary": true
      },
      "geometry": {
        "type": "Point",
        "coordinates": [
          80.244029,
          13.040254
        ]
      }
    },
    {
      "type": "Feature",
      "properties": {
        "timestamp_s": 105.93,
        "speed_kmh": 20.8,
        "heading_deg": 6.8,
        "confidence_m": 177.1,
        "in_sanctuary": true
      },
      "geometry": {
        "type": "Point",
        "coordinates": [
          80.244029,
          13.040254
        ]
      }
    },
    {
      "type": "Feature",
      "properties": {
        "timestamp_s": 106.03,
        "speed_kmh": 20.3,
        "heading_deg": 6.8,
        "confidence_m": 177.5,
        "in_sanctuary": true
      },
      "geometry": {
        "type": "Point",
        "coordinates": [
          80.244029,
          13.040255
        ]
      }
    },
    {
      "type": "Feature",
      "properties": {
        "timestamp_s": 106.13,
        "speed_kmh": 19.7,
        "heading_deg": 6.8,
        "confidence_m": 177.8,
        "in_sanctuary": true
      },
      "geometry": {
        "type": "Point",
        "coordinates": [
          80.244029,
          13.040255
        ]
      }
    },
    {
      "type": "Feature",
      "properties": {
        "timestamp_s": 106.23,
        "speed_kmh": 19.4,
        "heading_deg": 6.9,
        "confidence_m": 178.1,
        "in_sanctuary": true
      },
      "geometry": {
        "type": "Point",
        "coordinates": [
          80.24403,
          13.040257
        ]
      }
    },
    {
      "type": "Feature",
      "properties": {
        "timestamp_s": 106.33,
        "speed_kmh": 19.7,
        "heading_deg": 7.3,
        "confidence_m": 178.4,
        "in_sanctuary": true
      },
      "geometry": {
        "type": "Point",
        "coordinates": [
          80.24403,
          13.040262
        ]
      }
    },
    {
      "type": "Feature",
      "properties": {
        "timestamp_s": 106.43,
        "speed_kmh": 19.6,
        "heading_deg": 7.2,
        "confidence_m": 178.8,
        "in_sanctuary": true
      },
      "geometry": {
        "type": "Point",
        "coordinates": [
          80.244031,
          13.040267
        ]
      }
    },
    {
      "type": "Feature",
      "properties": {
        "timestamp_s": 106.53,
        "speed_kmh": 21.0,
        "heading_deg": 7.7,
        "confidence_m": 179.1,
        "in_sanctuary": true
      },
      "geometry": {
        "type": "Point",
        "coordinates": [
          80.244032,
          13.040272
        ]
      }
    },
    {
      "type": "Feature",
      "properties": {
        "timestamp_s": 106.63,
        "speed_kmh": 22.5,
        "heading_deg": 8.0,
        "confidence_m": 179.5,
        "in_sanctuary": true
      },
      "geometry": {
        "type": "Point",
        "coordinates": [
          80.244032,
          13.040278
        ]
      }
    },
    {
      "type": "Feature",
      "properties": {
        "timestamp_s": 106.73,
        "speed_kmh": 22.3,
        "heading_deg": 8.1,
        "confidence_m": 179.8,
        "in_sanctuary": true
      },
      "geometry": {
        "type": "Point",
        "coordinates": [
          80.244033,
          13.040284
        ]
      }
    },
    {
      "type": "Feature",
      "properties": {
        "timestamp_s": 106.83,
        "speed_kmh": 22.5,
        "heading_deg": 8.1,
        "confidence_m": 180.2,
        "in_sanctuary": true
      },
      "geometry": {
        "type": "Point",
        "coordinates": [
          80.244034,
          13.040289
        ]
      }
    },
    {
      "type": "Feature",
      "properties": {
        "timestamp_s": 106.93,
        "speed_kmh": 23.7,
        "heading_deg": 8.6,
        "confidence_m": 180.6,
        "in_sanctuary": true
      },
      "geometry": {
        "type": "Point",
        "coordinates": [
          80.244034,
          13.040295
        ]
      }
    },
    {
      "type": "Feature",
      "properties": {
        "timestamp_s": 107.03,
        "speed_kmh": 25.2,
        "heading_deg": 9.0,
        "confidence_m": 181.0,
        "in_sanctuary": true
      },
      "geometry": {
        "type": "Point",
        "coordinates": [
          80.244035,
          13.0403
        ]
      }
    },
    {
      "type": "Feature",
      "properties": {
        "timestamp_s": 107.13,
        "speed_kmh": 26.3,
        "heading_deg": 9.2,
        "confidence_m": 181.4,
        "in_sanctuary": true
      },
      "geometry": {
        "type": "Point",
        "coordinates": [
          80.244036,
          13.040307
        ]
      }
    },
    {
      "type": "Feature",
      "properties": {
        "timestamp_s": 107.23,
        "speed_kmh": 26.9,
        "heading_deg": 9.4,
        "confidence_m": 181.9,
        "in_sanctuary": true
      },
      "geometry": {
        "type": "Point",
        "coordinates": [
          80.244037,
          13.040313
        ]
      }
    },
    {
      "type": "Feature",
      "properties": {
        "timestamp_s": 107.33,
        "speed_kmh": 27.8,
        "heading_deg": 9.4,
        "confidence_m": 182.3,
        "in_sanctuary": true
      },
      "geometry": {
        "type": "Point",
        "coordinates": [
          80.244037,
          13.04032
        ]
      }
    },
    {
      "type": "Feature",
      "properties": {
        "timestamp_s": 107.43,
        "speed_kmh": 27.8,
        "heading_deg": 9.0,
        "confidence_m": 182.8,
        "in_sanctuary": true
      },
      "geometry": {
        "type": "Point",
        "coordinates": [
          80.244038,
          13.040326
        ]
      }
    },
    {
      "type": "Feature",
      "properties": {
        "timestamp_s": 107.53,
        "speed_kmh": 27.3,
        "heading_deg": 10.0,
        "confidence_m": 183.3,
        "in_sanctuary": true
      },
      "geometry": {
        "type": "Point",
        "coordinates": [
          80.244039,
          13.040333
        ]
      }
    },
    {
      "type": "Feature",
      "properties": {
        "timestamp_s": 107.63,
        "speed_kmh": 27.5,
        "heading_deg": 10.4,
        "confidence_m": 183.7,
        "in_sanctuary": true
      },
      "geometry": {
        "type": "Point",
        "coordinates": [
          80.24404,
          13.04034
        ]
      }
    },
    {
      "type": "Feature",
      "properties": {
        "timestamp_s": 107.73,
        "speed_kmh": 28.0,
        "heading_deg": 10.4,
        "confidence_m": 184.2,
        "in_sanctuary": true
      },
      "geometry": {
        "type": "Point",
        "coordinates": [
          80.244041,
          13.040347
        ]
      }
    },
    {
      "type": "Feature",
      "properties": {
        "timestamp_s": 107.83,
        "speed_kmh": 27.6,
        "heading_deg": 11.0,
        "confidence_m": 184.7,
        "in_sanctuary": true
      },
      "geometry": {
        "type": "Point",
        "coordinates": [
          80.244041,
          13.040354
        ]
      }
    },
    {
      "type": "Feature",
      "properties": {
        "timestamp_s": 107.93,
        "speed_kmh": 26.4,
        "heading_deg": 10.4,
        "confidence_m": 185.2,
        "in_sanctuary": true
      },
      "geometry": {
        "type": "Point",
        "coordinates": [
          80.244042,
          13.040361
        ]
      }
    },
    {
      "type": "Feature",
      "properties": {
        "timestamp_s": 108.03,
        "speed_kmh": 25.6,
        "heading_deg": 10.3,
        "confidence_m": 185.7,
        "in_sanctuary": true
      },
      "geometry": {
        "type": "Point",
        "coordinates": [
          80.244043,
          13.040367
        ]
      }
    },
    {
      "type": "Feature",
      "properties": {
        "timestamp_s": 108.13,
        "speed_kmh": 25.5,
        "heading_deg": 9.8,
        "confidence_m": 186.1,
        "in_sanctuary": true
      },
      "geometry": {
        "type": "Point",
        "coordinates": [
          80.244048,
          13.040395
        ]
      }
    },
    {
      "type": "Feature",
      "properties": {
        "timestamp_s": 108.23,
        "speed_kmh": 25.5,
        "heading_deg": 9.4,
        "confidence_m": 186.6,
        "in_sanctuary": true
      },
      "geometry": {
        "type": "Point",
        "coordinates": [
          80.244049,
          13.040401
        ]
      }
    },
    {
      "type": "Feature",
      "properties": {
        "timestamp_s": 108.33,
        "speed_kmh": 25.7,
        "heading_deg": 8.9,
        "confidence_m": 187.1,
        "in_sanctuary": true
      },
      "geometry": {
        "type": "Point",
        "coordinates": [
          80.244051,
          13.040407
        ]
      }
    },
    {
      "type": "Feature",
      "properties": {
        "timestamp_s": 108.43,
        "speed_kmh": 26.2,
        "heading_deg": 8.3,
        "confidence_m": 187.7,
        "in_sanctuary": true
      },
      "geometry": {
        "type": "Point",
        "coordinates": [
          80.244052,
          13.040414
        ]
      }
    },
    {
      "type": "Feature",
      "properties": {
        "timestamp_s": 108.53,
        "speed_kmh": 26.7,
        "heading_deg": 8.1,
        "confidence_m": 188.2,
        "in_sanctuary": true
      },
      "geometry": {
        "type": "Point",
        "coordinates": [
          80.244054,
          13.04042
        ]
      }
    },
    {
      "type": "Feature",
      "properties": {
        "timestamp_s": 108.63,
        "speed_kmh": 26.6,
        "heading_deg": 8.0,
        "confidence_m": 188.8,
        "in_sanctuary": true
      },
      "geometry": {
        "type": "Point",
        "coordinates": [
          80.244055,
          13.040426
        ]
      }
    },
    {
      "type": "Feature",
      "properties": {
        "timestamp_s": 108.73,
        "speed_kmh": 26.6,
        "heading_deg": 7.6,
        "confidence_m": 189.3,
        "in_sanctuary": true
      },
      "geometry": {
        "type": "Point",
        "coordinates": [
          80.244057,
          13.040433
        ]
      }
    },
    {
      "type": "Feature",
      "properties": {
        "timestamp_s": 108.83,
        "speed_kmh": 26.9,
        "heading_deg": 7.5,
        "confidence_m": 189.9,
        "in_sanctuary": true
      },
      "geometry": {
        "type": "Point",
        "coordinates": [
          80.244059,
          13.04044
        ]
      }
    },
    {
      "type": "Feature",
      "properties": {
        "timestamp_s": 108.93,
        "speed_kmh": 26.8,
        "heading_deg": 7.7,
        "confidence_m": 190.5,
        "in_sanctuary": true
      },
      "geometry": {
        "type": "Point",
        "coordinates": [
          80.24406,
          13.040446
        ]
      }
    },
    {
      "type": "Feature",
      "properties": {
        "timestamp_s": 109.03,
        "speed_kmh": 25.9,
        "heading_deg": 7.9,
        "confidence_m": 191.1,
        "in_sanctuary": true
      },
      "geometry": {
        "type": "Point",
        "coordinates": [
          80.24406,
          13.040446
        ]
      }
    },
    {
      "type": "Feature",
      "properties": {
        "timestamp_s": 109.13,
        "speed_kmh": 26.1,
        "heading_deg": 8.2,
        "confidence_m": 191.7,
        "in_sanctuary": true
      },
      "geometry": {
        "type": "Point",
        "coordinates": [
          80.24406,
          13.040446
        ]
      }
    },
    {
      "type": "Feature",
      "properties": {
        "timestamp_s": 109.23,
        "speed_kmh": 26.4,
        "heading_deg": 8.4,
        "confidence_m": 192.3,
        "in_sanctuary": true
      },
      "geometry": {
        "type": "Point",
        "coordinates": [
          80.244061,
          13.040452
        ]
      }
    },
    {
      "type": "Feature",
      "properties": {
        "timestamp_s": 109.33,
        "speed_kmh": 26.3,
        "heading_deg": 8.7,
        "confidence_m": 192.9,
        "in_sanctuary": true
      },
      "geometry": {
        "type": "Point",
        "coordinates": [
          80.244062,
          13.040459
        ]
      }
    },
    {
      "type": "Feature",
      "properties": {
        "timestamp_s": 109.43,
        "speed_kmh": 26.2,
        "heading_deg": 9.1,
        "confidence_m": 193.5,
        "in_sanctuary": true
      },
      "geometry": {
        "type": "Point",
        "coordinates": [
          80.244063,
          13.040466
        ]
      }
    },
    {
      "type": "Feature",
      "properties": {
        "timestamp_s": 109.53,
        "speed_kmh": 25.6,
        "heading_deg": 9.7,
        "confidence_m": 194.1,
        "in_sanctuary": true
      },
      "geometry": {
        "type": "Point",
        "coordinates": [
          80.244064,
          13.040471
        ]
      }
    },
    {
      "type": "Feature",
      "properties": {
        "timestamp_s": 109.63,
        "speed_kmh": 25.8,
        "heading_deg": 10.1,
        "confidence_m": 194.6,
        "in_sanctuary": true
      },
      "geometry": {
        "type": "Point",
        "coordinates": [
          80.244065,
          13.040478
        ]
      }
    },
    {
      "type": "Feature",
      "properties": {
        "timestamp_s": 109.73,
        "speed_kmh": 25.7,
        "heading_deg": 10.1,
        "confidence_m": 195.2,
        "in_sanctuary": true
      },
      "geometry": {
        "type": "Point",
        "coordinates": [
          80.244066,
          13.040484
        ]
      }
    },
    {
      "type": "Feature",
      "properties": {
        "timestamp_s": 109.83,
        "speed_kmh": 25.5,
        "heading_deg": 9.9,
        "confidence_m": 195.8,
        "in_sanctuary": true
      },
      "geometry": {
        "type": "Point",
        "coordinates": [
          80.244067,
          13.040491
        ]
      }
    },
    {
      "type": "Feature",
      "properties": {
        "timestamp_s": 109.93,
        "speed_kmh": 26.5,
        "heading_deg": 9.7,
        "confidence_m": 196.4,
        "in_sanctuary": true
      },
      "geometry": {
        "type": "Point",
        "coordinates": [
          80.244068,
          13.040497
        ]
      }
    },
    {
      "type": "Feature",
      "properties": {
        "timestamp_s": 110.03,
        "speed_kmh": 27.4,
        "heading_deg": 9.4,
        "confidence_m": 197.1,
        "in_sanctuary": true
      },
      "geometry": {
        "type": "Point",
        "coordinates": [
          80.244069,
          13.040504
        ]
      }
    },
    {
      "type": "Feature",
      "properties": {
        "timestamp_s": 110.13,
        "speed_kmh": 27.3,
        "heading_deg": 9.3,
        "confidence_m": 197.7,
        "in_sanctuary": true
      },
      "geometry": {
        "type": "Point",
        "coordinates": [
          80.24407,
          13.04051
        ]
      }
    },
    {
      "type": "Feature",
      "properties": {
        "timestamp_s": 110.23,
        "speed_kmh": 26.7,
        "heading_deg": 8.9,
        "confidence_m": 198.4,
        "in_sanctuary": true
      },
      "geometry": {
        "type": "Point",
        "coordinates": [
          80.24407,
          13.04051
        ]
      }
    },
    {
      "type": "Feature",
      "properties": {
        "timestamp_s": 110.33,
        "speed_kmh": 25.2,
        "heading_deg": 8.7,
        "confidence_m": 199.1,
        "in_sanctuary": true
      },
      "geometry": {
        "type": "Point",
        "coordinates": [
          80.24407,
          13.04051
        ]
      }
    },
    {
      "type": "Feature",
      "properties": {
        "timestamp_s": 110.43,
        "speed_kmh": 24.5,
        "heading_deg": 8.1,
        "confidence_m": 199.7,
        "in_sanctuary": true
      },
      "geometry": {
        "type": "Point",
        "coordinates": [
          80.24407,
          13.04051
        ]
      }
    },
    {
      "type": "Feature",
      "properties": {
        "timestamp_s": 110.53,
        "speed_kmh": 24.6,
        "heading_deg": 7.6,
        "confidence_m": 200.3,
        "in_sanctuary": true
      },
      "geometry": {
        "type": "Point",
        "coordinates": [
          80.244071,
          13.040513
        ]
      }
    },
    {
      "type": "Feature",
      "properties": {
        "timestamp_s": 110.63,
        "speed_kmh": 24.1,
        "heading_deg": 7.3,
        "confidence_m": 201.0,
        "in_sanctuary": true
      },
      "geometry": {
        "type": "Point",
        "coordinates": [
          80.244071,
          13.040519
        ]
      }
    },
    {
      "type": "Feature",
      "properties": {
        "timestamp_s": 110.73,
        "speed_kmh": 23.7,
        "heading_deg": 7.0,
        "confidence_m": 201.6,
        "in_sanctuary": true
      },
      "geometry": {
        "type": "Point",
        "coordinates": [
          80.244071,
          13.040525
        ]
      }
    },
    {
      "type": "Feature",
      "properties": {
        "timestamp_s": 110.83,
        "speed_kmh": 23.3,
        "heading_deg": 6.8,
        "confidence_m": 202.2,
        "in_sanctuary": true
      },
      "geometry": {
        "type": "Point",
        "coordinates": [
          80.244071,
          13.040531
        ]
      }
    },
    {
      "type": "Feature",
      "properties": {
        "timestamp_s": 110.93,
        "speed_kmh": 22.6,
        "heading_deg": 7.0,
        "confidence_m": 202.9,
        "in_sanctuary": true
      },
      "geometry": {
        "type": "Point",
        "coordinates": [
          80.244071,
          13.040536
        ]
      }
    },
    {
      "type": "Feature",
      "properties": {
        "timestamp_s": 111.03,
        "speed_kmh": 21.7,
        "heading_deg": 6.8,
        "confidence_m": 203.5,
        "in_sanctuary": true
      },
      "geometry": {
        "type": "Point",
        "coordinates": [
          80.244072,
          13.040542
        ]
      }
    },
    {
      "type": "Feature",
      "properties": {
        "timestamp_s": 111.13,
        "speed_kmh": 22.3,
        "heading_deg": 6.7,
        "confidence_m": 204.1,
        "in_sanctuary": true
      },
      "geometry": {
        "type": "Point",
        "coordinates": [
          80.244072,
          13.040548
        ]
      }
    },
    {
      "type": "Feature",
      "properties": {
        "timestamp_s": 111.23,
        "speed_kmh": 23.7,
        "heading_deg": 6.8,
        "confidence_m": 204.7,
        "in_sanctuary": true
      },
      "geometry": {
        "type": "Point",
        "coordinates": [
          80.244072,
          13.040553
        ]
      }
    },
    {
      "type": "Feature",
      "properties": {
        "timestamp_s": 111.33,
        "speed_kmh": 24.1,
        "heading_deg": 6.6,
        "confidence_m": 205.4,
        "in_sanctuary": true
      },
      "geometry": {
        "type": "Point",
        "coordinates": [
          80.244072,
          13.040559
        ]
      }
    },
    {
      "type": "Feature",
      "properties": {
        "timestamp_s": 111.43,
        "speed_kmh": 24.1,
        "heading_deg": 6.8,
        "confidence_m": 206.1,
        "in_sanctuary": true
      },
      "geometry": {
        "type": "Point",
        "coordinates": [
          80.244073,
          13.040565
        ]
      }
    },
    {
      "type": "Feature",
      "properties": {
        "timestamp_s": 111.53,
        "speed_kmh": 24.8,
        "heading_deg": 6.8,
        "confidence_m": 206.8,
        "in_sanctuary": true
      },
      "geometry": {
        "type": "Point",
        "coordinates": [
          80.244073,
          13.040571
        ]
      }
    },
    {
      "type": "Feature",
      "properties": {
        "timestamp_s": 111.63,
        "speed_kmh": 25.7,
        "heading_deg": 6.8,
        "confidence_m": 207.5,
        "in_sanctuary": true
      },
      "geometry": {
        "type": "Point",
        "coordinates": [
          80.244073,
          13.040576
        ]
      }
    },
    {
      "type": "Feature",
      "properties": {
        "timestamp_s": 111.73,
        "speed_kmh": 26.4,
        "heading_deg": 6.5,
        "confidence_m": 208.3,
        "in_sanctuary": true
      },
      "geometry": {
        "type": "Point",
        "coordinates": [
          80.244073,
          13.040577
        ]
      }
    },
    {
      "type": "Feature",
      "properties": {
        "timestamp_s": 111.83,
        "speed_kmh": 26.6,
        "heading_deg": 6.4,
        "confidence_m": 209.1,
        "in_sanctuary": true
      },
      "geometry": {
        "type": "Point",
        "coordinates": [
          80.244073,
          13.040584
        ]
      }
    },
    {
      "type": "Feature",
      "properties": {
        "timestamp_s": 111.93,
        "speed_kmh": 26.5,
        "heading_deg": 6.2,
        "confidence_m": 209.9,
        "in_sanctuary": true
      },
      "geometry": {
        "type": "Point",
        "coordinates": [
          80.244073,
          13.04059
        ]
      }
    },
    {
      "type": "Feature",
      "properties": {
        "timestamp_s": 112.03,
        "speed_kmh": 26.1,
        "heading_deg": 6.1,
        "confidence_m": 210.6,
        "in_sanctuary": true
      },
      "geometry": {
        "type": "Point",
        "coordinates": [
          80.244073,
          13.040597
        ]
      }
    },
    {
      "type": "Feature",
      "properties": {
        "timestamp_s": 112.13,
        "speed_kmh": 25.1,
        "heading_deg": 5.6,
        "confidence_m": 211.4,
        "in_sanctuary": true
      },
      "geometry": {
        "type": "Point",
        "coordinates": [
          80.244073,
          13.040603
        ]
      }
    },
    {
      "type": "Feature",
      "properties": {
        "timestamp_s": 112.23,
        "speed_kmh": 24.6,
        "heading_deg": 5.4,
        "confidence_m": 212.2,
        "in_sanctuary": true
      },
      "geometry": {
        "type": "Point",
        "coordinates": [
          80.244073,
          13.04061
        ]
      }
    },
    {
      "type": "Feature",
      "properties": {
        "timestamp_s": 112.33,
        "speed_kmh": 23.8,
        "heading_deg": 5.3,
        "confidence_m": 212.9,
        "in_sanctuary": true
      },
      "geometry": {
        "type": "Point",
        "coordinates": [
          80.244073,
          13.040616
        ]
      }
    },
    {
      "type": "Feature",
      "properties": {
        "timestamp_s": 112.43,
        "speed_kmh": 22.8,
        "heading_deg": 5.8,
        "confidence_m": 213.7,
        "in_sanctuary": true
      },
      "geometry": {
        "type": "Point",
        "coordinates": [
          80.244073,
          13.040621
        ]
      }
    },
    {
      "type": "Feature",
      "properties": {
        "timestamp_s": 112.53,
        "speed_kmh": 21.6,
        "heading_deg": 5.7,
        "confidence_m": 214.4,
        "in_sanctuary": true
      },
      "geometry": {
        "type": "Point",
        "coordinates": [
          80.244073,
          13.040627
        ]
      }
    },
    {
      "type": "Feature",
      "properties": {
        "timestamp_s": 112.63,
        "speed_kmh": 20.1,
        "heading_deg": 5.9,
        "confidence_m": 215.0,
        "in_sanctuary": true
      },
      "geometry": {
        "type": "Point",
        "coordinates": [
          80.244073,
          13.040632
        ]
      }
    },
    {
      "type": "Feature",
      "properties": {
        "timestamp_s": 112.73,
        "speed_kmh": 19.4,
        "heading_deg": 6.2,
        "confidence_m": 215.6,
        "in_sanctuary": true
      },
      "geometry": {
        "type": "Point",
        "coordinates": [
          80.244073,
          13.040637
        ]
      }
    },
    {
      "type": "Feature",
      "properties": {
        "timestamp_s": 112.83,
        "speed_kmh": 19.4,
        "heading_deg": 6.3,
        "confidence_m": 216.2,
        "in_sanctuary": true
      },
      "geometry": {
        "type": "Point",
        "coordinates": [
          80.244073,
          13.040642
        ]
      }
    },
    {
      "type": "Feature",
      "properties": {
        "timestamp_s": 112.93,
        "speed_kmh": 19.2,
        "heading_deg": 6.5,
        "confidence_m": 216.8,
        "in_sanctuary": true
      },
      "geometry": {
        "type": "Point",
        "coordinates": [
          80.244074,
          13.040652
        ]
      }
    },
    {
      "type": "Feature",
      "properties": {
        "timestamp_s": 113.03,
        "speed_kmh": 19.5,
        "heading_deg": 7.0,
        "confidence_m": 217.4,
        "in_sanctuary": true
      },
      "geometry": {
        "type": "Point",
        "coordinates": [
          80.244074,
          13.040657
        ]
      }
    },
    {
      "type": "Feature",
      "properties": {
        "timestamp_s": 113.13,
        "speed_kmh": 20.1,
        "heading_deg": 7.3,
        "confidence_m": 218.1,
        "in_sanctuary": true
      },
      "geometry": {
        "type": "Point",
        "coordinates": [
          80.244074,
          13.040662
        ]
      }
    },
    {
      "type": "Feature",
      "properties": {
        "timestamp_s": 113.23,
        "speed_kmh": 20.9,
        "heading_deg": 7.3,
        "confidence_m": 218.7,
        "in_sanctuary": true
      },
      "geometry": {
        "type": "Point",
        "coordinates": [
          80.244074,
          13.040667
        ]
      }
    },
    {
      "type": "Feature",
      "properties": {
        "timestamp_s": 113.33,
        "speed_kmh": 21.4,
        "heading_deg": 7.4,
        "confidence_m": 219.4,
        "in_sanctuary": true
      },
      "geometry": {
        "type": "Point",
        "coordinates": [
          80.244074,
          13.040672
        ]
      }
    },
    {
      "type": "Feature",
      "properties": {
        "timestamp_s": 113.43,
        "speed_kmh": 21.0,
        "heading_deg": 7.4,
        "confidence_m": 220.1,
        "in_sanctuary": true
      },
      "geometry": {
        "type": "Point",
        "coordinates": [
          80.244075,
          13.040677
        ]
      }
    },
    {
      "type": "Feature",
      "properties": {
        "timestamp_s": 113.53,
        "speed_kmh": 20.7,
        "heading_deg": 7.7,
        "confidence_m": 220.7,
        "in_sanctuary": true
      },
      "geometry": {
        "type": "Point",
        "coordinates": [
          80.244075,
          13.040682
        ]
      }
    },
    {
      "type": "Feature",
      "properties": {
        "timestamp_s": 113.63,
        "speed_kmh": 20.3,
        "heading_deg": 7.8,
        "confidence_m": 221.4,
        "in_sanctuary": true
      },
      "geometry": {
        "type": "Point",
        "coordinates": [
          80.244075,
          13.040688
        ]
      }
    },
    {
      "type": "Feature",
      "properties": {
        "timestamp_s": 113.73,
        "speed_kmh": 19.9,
        "heading_deg": 8.2,
        "confidence_m": 222.0,
        "in_sanctuary": true
      },
      "geometry": {
        "type": "Point",
        "coordinates": [
          80.244075,
          13.040693
        ]
      }
    },
    {
      "type": "Feature",
      "properties": {
        "timestamp_s": 113.83,
        "speed_kmh": 18.7,
        "heading_deg": 7.9,
        "confidence_m": 222.6,
        "in_sanctuary": true
      },
      "geometry": {
        "type": "Point",
        "coordinates": [
          80.244075,
          13.040697
        ]
      }
    },
    {
      "type": "Feature",
      "properties": {
        "timestamp_s": 113.93,
        "speed_kmh": 17.5,
        "heading_deg": 8.4,
        "confidence_m": 223.2,
        "in_sanctuary": true
      },
      "geometry": {
        "type": "Point",
        "coordinates": [
          80.244075,
          13.040702
        ]
      }
    },
    {
      "type": "Feature",
      "properties": {
        "timestamp_s": 114.03,
        "speed_kmh": 15.9,
        "heading_deg": 8.2,
        "confidence_m": 223.8,
        "in_sanctuary": true
      },
      "geometry": {
        "type": "Point",
        "coordinates": [
          80.244078,
          13.040732
        ]
      }
    },
    {
      "type": "Feature",
      "properties": {
        "timestamp_s": 114.13,
        "speed_kmh": 14.7,
        "heading_deg": 8.0,
        "confidence_m": 224.2,
        "in_sanctuary": true
      },
      "geometry": {
        "type": "Point",
        "coordinates": [
          80.244079,
          13.040736
        ]
      }
    },
    {
      "type": "Feature",
      "properties": {
        "timestamp_s": 114.23,
        "speed_kmh": 14.4,
        "heading_deg": 7.7,
        "confidence_m": 224.7,
        "in_sanctuary": true
      },
      "geometry": {
        "type": "Point",
        "coordinates": [
          80.244079,
          13.04074
        ]
      }
    },
    {
      "type": "Feature",
      "properties": {
        "timestamp_s": 114.33,
        "speed_kmh": 14.2,
        "heading_deg": 7.4,
        "confidence_m": 225.2,
        "in_sanctuary": true
      },
      "geometry": {
        "type": "Point",
        "coordinates": [
          80.24408,
          13.040743
        ]
      }
    },
    {
      "type": "Feature",
      "properties": {
        "timestamp_s": 114.43,
        "speed_kmh": 13.3,
        "heading_deg": 6.6,
        "confidence_m": 225.6,
        "in_sanctuary": true
      },
      "geometry": {
        "type": "Point",
        "coordinates": [
          80.244081,
          13.040746
        ]
      }
    },
    {
      "type": "Feature",
      "properties": {
        "timestamp_s": 114.53,
        "speed_kmh": 13.0,
        "heading_deg": 6.1,
        "confidence_m": 226.1,
        "in_sanctuary": true
      },
      "geometry": {
        "type": "Point",
        "coordinates": [
          80.244081,
          13.04075
        ]
      }
    },
    {
      "type": "Feature",
      "properties": {
        "timestamp_s": 114.63,
        "speed_kmh": 12.9,
        "heading_deg": 5.5,
        "confidence_m": 226.5,
        "in_sanctuary": true
      },
      "geometry": {
        "type": "Point",
        "coordinates": [
          80.244082,
          13.040752
        ]
      }
    },
    {
      "type": "Feature",
      "properties": {
        "timestamp_s": 114.73,
        "speed_kmh": 12.9,
        "heading_deg": 5.2,
        "confidence_m": 227.0,
        "in_sanctuary": true
      },
      "geometry": {
        "type": "Point",
        "coordinates": [
          80.244082,
          13.040756
        ]
      }
    },
    {
      "type": "Feature",
      "properties": {
        "timestamp_s": 114.83,
        "speed_kmh": 14.1,
        "heading_deg": 5.1,
        "confidence_m": 227.4,
        "in_sanctuary": true
      },
      "geometry": {
        "type": "Point",
        "coordinates": [
          80.244083,
          13.040759
        ]
      }
    },
    {
      "type": "Feature",
      "properties": {
        "timestamp_s": 114.93,
        "speed_kmh": 16.0,
        "heading_deg": 5.1,
        "confidence_m": 227.9,
        "in_sanctuary": true
      },
      "geometry": {
        "type": "Point",
        "coordinates": [
          80.244083,
          13.040763
        ]
      }
    },
    {
      "type": "Feature",
      "properties": {
        "timestamp_s": 115.03,
        "speed_kmh": 17.9,
        "heading_deg": 5.5,
        "confidence_m": 228.5,
        "in_sanctuary": true
      },
      "geometry": {
        "type": "Point",
        "coordinates": [
          80.244084,
          13.040767
        ]
      }
    },
    {
      "type": "Feature",
      "properties": {
        "timestamp_s": 115.13,
        "speed_kmh": 18.5,
        "heading_deg": 6.6,
        "confidence_m": 229.2,
        "in_sanctuary": true
      },
      "geometry": {
        "type": "Point",
        "coordinates": [
          80.244085,
          13.040771
        ]
      }
    },
    {
      "type": "Feature",
      "properties": {
        "timestamp_s": 115.23,
        "speed_kmh": 19.5,
        "heading_deg": 7.4,
        "confidence_m": 229.8,
        "in_sanctuary": true
      },
      "geometry": {
        "type": "Point",
        "coordinates": [
          80.244085,
          13.040776
        ]
      }
    },
    {
      "type": "Feature",
      "properties": {
        "timestamp_s": 115.33,
        "speed_kmh": 21.0,
        "heading_deg": 7.3,
        "confidence_m": 230.6,
        "in_sanctuary": true
      },
      "geometry": {
        "type": "Point",
        "coordinates": [
          80.244086,
          13.040781
        ]
      }
    },
    {
      "type": "Feature",
      "properties": {
        "timestamp_s": 115.43,
        "speed_kmh": 21.8,
        "heading_deg": 6.1,
        "confidence_m": 231.3,
        "in_sanctuary": true
      },
      "geometry": {
        "type": "Point",
        "coordinates": [
          80.244088,
          13.040789
        ]
      }
    },
    {
      "type": "Feature",
      "properties": {
        "timestamp_s": 115.53,
        "speed_kmh": 22.6,
        "heading_deg": 5.5,
        "confidence_m": 232.1,
        "in_sanctuary": true
      },
      "geometry": {
        "type": "Point",
        "coordinates": [
          80.244088,
          13.040794
        ]
      }
    },
    {
      "type": "Feature",
      "properties": {
        "timestamp_s": 115.63,
        "speed_kmh": 23.5,
        "heading_deg": 4.9,
        "confidence_m": 233.0,
        "in_sanctuary": true
      },
      "geometry": {
        "type": "Point",
        "coordinates": [
          80.244089,
          13.0408
        ]
      }
    },
    {
      "type": "Feature",
      "properties": {
        "timestamp_s": 115.73,
        "speed_kmh": 23.6,
        "heading_deg": 3.6,
        "confidence_m": 233.8,
        "in_sanctuary": true
      },
      "geometry": {
        "type": "Point",
        "coordinates": [
          80.24409,
          13.040805
        ]
      }
    },
    {
      "type": "Feature",
      "properties": {
        "timestamp_s": 115.83,
        "speed_kmh": 22.6,
        "heading_deg": 3.1,
        "confidence_m": 234.7,
        "in_sanctuary": true
      },
      "geometry": {
        "type": "Point",
        "coordinates": [
          80.244091,
          13.040811
        ]
      }
    },
    {
      "type": "Feature",
      "properties": {
        "timestamp_s": 115.93,
        "speed_kmh": 20.9,
        "heading_deg": 3.7,
        "confidence_m": 235.6,
        "in_sanctuary": true
      },
      "geometry": {
        "type": "Point",
        "coordinates": [
          80.244092,
          13.040816
        ]
      }
    },
    {
      "type": "Feature",
      "properties": {
        "timestamp_s": 116.03,
        "speed_kmh": 19.8,
        "heading_deg": 3.8,
        "confidence_m": 236.3,
        "in_sanctuary": true
      },
      "geometry": {
        "type": "Point",
        "coordinates": [
          80.244093,
          13.040821
        ]
      }
    },
    {
      "type": "Feature",
      "properties": {
        "timestamp_s": 116.13,
        "speed_kmh": 18.7,
        "heading_deg": 3.6,
        "confidence_m": 237.1,
        "in_sanctuary": true
      },
      "geometry": {
        "type": "Point",
        "coordinates": [
          80.244094,
          13.040827
        ]
      }
    },
    {
      "type": "Feature",
      "properties": {
        "timestamp_s": 116.23,
        "speed_kmh": 17.7,
        "heading_deg": 4.4,
        "confidence_m": 237.7,
        "in_sanctuary": true
      },
      "geometry": {
        "type": "Point",
        "coordinates": [
          80.244095,
          13.04083
        ]
      }
    },
    {
      "type": "Feature",
      "properties": {
        "timestamp_s": 116.33,
        "speed_kmh": 16.8,
        "heading_deg": 4.8,
        "confidence_m": 238.4,
        "in_sanctuary": true
      },
      "geometry": {
        "type": "Point",
        "coordinates": [
          80.244095,
          13.040835
        ]
      }
    },
    {
      "type": "Feature",
      "properties": {
        "timestamp_s": 116.43,
        "speed_kmh": 16.0,
        "heading_deg": 5.5,
        "confidence_m": 239.0,
        "in_sanctuary": true
      },
      "geometry": {
        "type": "Point",
        "coordinates": [
          80.244096,
          13.040839
        ]
      }
    },
    {
      "type": "Feature",
      "properties": {
        "timestamp_s": 116.53,
        "speed_kmh": 15.5,
        "heading_deg": 6.5,
        "confidence_m": 239.6,
        "in_sanctuary": true
      },
      "geometry": {
        "type": "Point",
        "coordinates": [
          80.244097,
          13.040843
        ]
      }
    },
    {
      "type": "Feature",
      "properties": {
        "timestamp_s": 116.63,
        "speed_kmh": 14.9,
        "heading_deg": 7.3,
        "confidence_m": 240.2,
        "in_sanctuary": true
      },
      "geometry": {
        "type": "Point",
        "coordinates": [
          80.244099,
          13.040856
        ]
      }
    },
    {
      "type": "Feature",
      "properties": {
        "timestamp_s": 116.73,
        "speed_kmh": 14.7,
        "heading_deg": 7.4,
        "confidence_m": 240.7,
        "in_sanctuary": true
      },
      "geometry": {
        "type": "Point",
        "coordinates": [
          80.2441,
          13.040859
        ]
      }
    },
    {
      "type": "Feature",
      "properties": {
        "timestamp_s": 116.83,
        "speed_kmh": 14.7,
        "heading_deg": 7.9,
        "confidence_m": 241.3,
        "in_sanctuary": true
      },
      "geometry": {
        "type": "Point",
        "coordinates": [
          80.244101,
          13.040863
        ]
      }
    },
    {
      "type": "Feature",
      "properties": {
        "timestamp_s": 116.93,
        "speed_kmh": 15.0,
        "heading_deg": 8.2,
        "confidence_m": 241.8,
        "in_sanctuary": true
      },
      "geometry": {
        "type": "Point",
        "coordinates": [
          80.244102,
          13.040866
        ]
      }
    },
    {
      "type": "Feature",
      "properties": {
        "timestamp_s": 117.03,
        "speed_kmh": 15.6,
        "heading_deg": 8.4,
        "confidence_m": 242.4,
        "in_sanctuary": true
      },
      "geometry": {
        "type": "Point",
        "coordinates": [
          80.244103,
          13.04087
        ]
      }
    },
    {
      "type": "Feature",
      "properties": {
        "timestamp_s": 117.13,
        "speed_kmh": 15.8,
        "heading_deg": 8.4,
        "confidence_m": 243.0,
        "in_sanctuary": true
      },
      "geometry": {
        "type": "Point",
        "coordinates": [
          80.244103,
          13.040874
        ]
      }
    },
    {
      "type": "Feature",
      "properties": {
        "timestamp_s": 117.23,
        "speed_kmh": 14.9,
        "heading_deg": 8.3,
        "confidence_m": 243.5,
        "in_sanctuary": true
      },
      "geometry": {
        "type": "Point",
        "coordinates": [
          80.244104,
          13.040878
        ]
      }
    },
    {
      "type": "Feature",
      "properties": {
        "timestamp_s": 117.33,
        "speed_kmh": 14.4,
        "heading_deg": 8.5,
        "confidence_m": 244.1,
        "in_sanctuary": true
      },
      "geometry": {
        "type": "Point",
        "coordinates": [
          80.244105,
          13.040882
        ]
      }
    },
    {
      "type": "Feature",
      "properties": {
        "timestamp_s": 117.43,
        "speed_kmh": 13.9,
        "heading_deg": 9.0,
        "confidence_m": 244.6,
        "in_sanctuary": true
      },
      "geometry": {
        "type": "Point",
        "coordinates": [
          80.244106,
          13.040885
        ]
      }
    },
    {
      "type": "Feature",
      "properties": {
        "timestamp_s": 117.53,
        "speed_kmh": 13.6,
        "heading_deg": 9.3,
        "confidence_m": 245.1,
        "in_sanctuary": true
      },
      "geometry": {
        "type": "Point",
        "coordinates": [
          80.244107,
          13.040888
        ]
      }
    },
    {
      "type": "Feature",
      "properties": {
        "timestamp_s": 117.63,
        "speed_kmh": 13.5,
        "heading_deg": 9.6,
        "confidence_m": 245.6,
        "in_sanctuary": true
      },
      "geometry": {
        "type": "Point",
        "coordinates": [
          80.244107,
          13.040891
        ]
      }
    },
    {
      "type": "Feature",
      "properties": {
        "timestamp_s": 117.73,
        "speed_kmh": 12.9,
        "heading_deg": 9.8,
        "confidence_m": 246.1,
        "in_sanctuary": true
      },
      "geometry": {
        "type": "Point",
        "coordinates": [
          80.244108,
          13.040895
        ]
      }
    },
    {
      "type": "Feature",
      "properties": {
        "timestamp_s": 117.83,
        "speed_kmh": 12.2,
        "heading_deg": 10.4,
        "confidence_m": 246.6,
        "in_sanctuary": true
      },
      "geometry": {
        "type": "Point",
        "coordinates": [
          80.244109,
          13.040898
        ]
      }
    },
    {
      "type": "Feature",
      "properties": {
        "timestamp_s": 117.93,
        "speed_kmh": 12.4,
        "heading_deg": 11.2,
        "confidence_m": 247.0,
        "in_sanctuary": true
      },
      "geometry": {
        "type": "Point",
        "coordinates": [
          80.244109,
          13.040901
        ]
      }
    },
    {
      "type": "Feature",
      "properties": {
        "timestamp_s": 118.03,
        "speed_kmh": 12.2,
        "heading_deg": 12.2,
        "confidence_m": 247.5,
        "in_sanctuary": true
      },
      "geometry": {
        "type": "Point",
        "coordinates": [
          80.24411,
          13.040902
        ]
      }
    },
    {
      "type": "Feature",
      "properties": {
        "timestamp_s": 118.13,
        "speed_kmh": 12.0,
        "heading_deg": 13.4,
        "confidence_m": 247.9,
        "in_sanctuary": true
      },
      "geometry": {
        "type": "Point",
        "coordinates": [
          80.24411,
          13.040902
        ]
      }
    },
    {
      "type": "Feature",
      "properties": {
        "timestamp_s": 118.23,
        "speed_kmh": 12.5,
        "heading_deg": 14.5,
        "confidence_m": 248.3,
        "in_sanctuary": true
      },
      "geometry": {
        "type": "Point",
        "coordinates": [
          80.24411,
          13.040903
        ]
      }
    },
    {
      "type": "Feature",
      "properties": {
        "timestamp_s": 118.33,
        "speed_kmh": 12.9,
        "heading_deg": 14.9,
        "confidence_m": 248.8,
        "in_sanctuary": true
      },
      "geometry": {
        "type": "Point",
        "coordinates": [
          80.24411,
          13.040903
        ]
      }
    },
    {
      "type": "Feature",
      "properties": {
        "timestamp_s": 118.43,
        "speed_kmh": 13.1,
        "heading_deg": 14.5,
        "confidence_m": 249.3,
        "in_sanctuary": true
      },
      "geometry": {
        "type": "Point",
        "coordinates": [
          80.24411,
          13.040906
        ]
      }
    },
    {
      "type": "Feature",
      "properties": {
        "timestamp_s": 118.53,
        "speed_kmh": 13.4,
        "heading_deg": 13.1,
        "confidence_m": 249.7,
        "in_sanctuary": true
      },
      "geometry": {
        "type": "Point",
        "coordinates": [
          80.244111,
          13.040909
        ]
      }
    },
    {
      "type": "Feature",
      "properties": {
        "timestamp_s": 118.63,
        "speed_kmh": 13.6,
        "heading_deg": 11.7,
        "confidence_m": 250.2,
        "in_sanctuary": true
      },
      "geometry": {
        "type": "Point",
        "coordinates": [
          80.244112,
          13.040913
        ]
      }
    },
    {
      "type": "Feature",
      "properties": {
        "timestamp_s": 118.73,
        "speed_kmh": 13.7,
        "heading_deg": 10.8,
        "confidence_m": 250.8,
        "in_sanctuary": true
      },
      "geometry": {
        "type": "Point",
        "coordinates": [
          80.244112,
          13.040916
        ]
      }
    },
    {
      "type": "Feature",
      "properties": {
        "timestamp_s": 118.83,
        "speed_kmh": 13.0,
        "heading_deg": 10.2,
        "confidence_m": 251.3,
        "in_sanctuary": true
      },
      "geometry": {
        "type": "Point",
        "coordinates": [
          80.244113,
          13.04092
        ]
      }
    },
    {
      "type": "Feature",
      "properties": {
        "timestamp_s": 118.93,
        "speed_kmh": 12.2,
        "heading_deg": 11.2,
        "confidence_m": 251.8,
        "in_sanctuary": true
      },
      "geometry": {
        "type": "Point",
        "coordinates": [
          80.244113,
          13.040923
        ]
      }
    },
    {
      "type": "Feature",
      "properties": {
        "timestamp_s": 119.03,
        "speed_kmh": 12.4,
        "heading_deg": 11.7,
        "confidence_m": 252.2,
        "in_sanctuary": true
      },
      "geometry": {
        "type": "Point",
        "coordinates": [
          80.244114,
          13.040926
        ]
      }
    },
    {
      "type": "Feature",
      "properties": {
        "timestamp_s": 119.13,
        "speed_kmh": 12.1,
        "heading_deg": 11.9,
        "confidence_m": 252.7,
        "in_sanctuary": true
      },
      "geometry": {
        "type": "Point",
        "coordinates": [
          80.244114,
          13.040929
        ]
      }
    },
    {
      "type": "Feature",
      "properties": {
        "timestamp_s": 119.23,
        "speed_kmh": 10.9,
        "heading_deg": 11.4,
        "confidence_m": 253.1,
        "in_sanctuary": true
      },
      "geometry": {
        "type": "Point",
        "coordinates": [
          80.244115,
          13.040931
        ]
      }
    },
    {
      "type": "Feature",
      "properties": {
        "timestamp_s": 119.33,
        "speed_kmh": 9.4,
        "heading_deg": 11.5,
        "confidence_m": 253.5,
        "in_sanctuary": true
      },
      "geometry": {
        "type": "Point",
        "coordinates": [
          80.244115,
          13.040934
        ]
      }
    },
    {
      "type": "Feature",
      "properties": {
        "timestamp_s": 119.43,
        "speed_kmh": 8.7,
        "heading_deg": 11.8,
        "confidence_m": 253.9,
        "in_sanctuary": true
      },
      "geometry": {
        "type": "Point",
        "coordinates": [
          80.244116,
          13.040936
        ]
      }
    },
    {
      "type": "Feature",
      "properties": {
        "timestamp_s": 119.53,
        "speed_kmh": 8.6,
        "heading_deg": 11.6,
        "confidence_m": 254.2,
        "in_sanctuary": true
      },
      "geometry": {
        "type": "Point",
        "coordinates": [
          80.244116,
          13.040938
        ]
      }
    },
    {
      "type": "Feature",
      "properties": {
        "timestamp_s": 119.63,
        "speed_kmh": 9.2,
        "heading_deg": 10.6,
        "confidence_m": 254.6,
        "in_sanctuary": true
      },
      "geometry": {
        "type": "Point",
        "coordinates": [
          80.244116,
          13.040941
        ]
      }
    },
    {
      "type": "Feature",
      "properties": {
        "timestamp_s": 119.73,
        "speed_kmh": 9.0,
        "heading_deg": 10.1,
        "confidence_m": 254.9,
        "in_sanctuary": true
      },
      "geometry": {
        "type": "Point",
        "coordinates": [
          80.244117,
          13.040943
        ]
      }
    },
    {
      "type": "Feature",
      "properties": {
        "timestamp_s": 119.83,
        "speed_kmh": 8.3,
        "heading_deg": 9.6,
        "confidence_m": 255.3,
        "in_sanctuary": true
      },
      "geometry": {
        "type": "Point",
        "coordinates": [
          80.244117,
          13.040945
        ]
      }
    },
    {
      "type": "Feature",
      "properties": {
        "timestamp_s": 119.93,
        "speed_kmh": 8.8,
        "heading_deg": 9.5,
        "confidence_m": 255.6,
        "in_sanctuary": true
      },
      "geometry": {
        "type": "Point",
        "coordinates": [
          80.244117,
          13.040947
        ]
      }
    },
    {
      "type": "Feature",
      "properties": {
        "timestamp_s": 120.03,
        "speed_kmh": 9.6,
        "heading_deg": 9.4,
        "confidence_m": 256.0,
        "in_sanctuary": true
      },
      "geometry": {
        "type": "Point",
        "coordinates": [
          80.244118,
          13.040949
        ]
      }
    },
    {
      "type": "Feature",
      "properties": {
        "timestamp_s": 120.13,
        "speed_kmh": 10.3,
        "heading_deg": 9.3,
        "confidence_m": 256.4,
        "in_sanctuary": true
      },
      "geometry": {
        "type": "Point",
        "coordinates": [
          80.244118,
          13.040952
        ]
      }
    },
    {
      "type": "Feature",
      "properties": {
        "timestamp_s": 120.23,
        "speed_kmh": 10.6,
        "heading_deg": 8.6,
        "confidence_m": 256.8,
        "in_sanctuary": true
      },
      "geometry": {
        "type": "Point",
        "coordinates": [
          80.244118,
          13.040953
        ]
      }
    },
    {
      "type": "Feature",
      "properties": {
        "timestamp_s": 120.33,
        "speed_kmh": 11.4,
        "heading_deg": 6.6,
        "confidence_m": 257.3,
        "in_sanctuary": true
      },
      "geometry": {
        "type": "Point",
        "coordinates": [
          80.244118,
          13.040954
        ]
      }
    },
    {
      "type": "Feature",
      "properties": {
        "timestamp_s": 120.43,
        "speed_kmh": 12.5,
        "heading_deg": 4.1,
        "confidence_m": 257.8,
        "in_sanctuary": true
      },
      "geometry": {
        "type": "Point",
        "coordinates": [
          80.244119,
          13.040956
        ]
      }
    },
    {
      "type": "Feature",
      "properties": {
        "timestamp_s": 120.53,
        "speed_kmh": 13.5,
        "heading_deg": 2.1,
        "confidence_m": 258.4,
        "in_sanctuary": true
      },
      "geometry": {
        "type": "Point",
        "coordinates": [
          80.244119,
          13.040959
        ]
      }
    },
    {
      "type": "Feature",
      "properties": {
        "timestamp_s": 120.63,
        "speed_kmh": 14.8,
        "heading_deg": 1.1,
        "confidence_m": 259.1,
        "in_sanctuary": true
      },
      "geometry": {
        "type": "Point",
        "coordinates": [
          80.24412,
          13.040963
        ]
      }
    },
    {
      "type": "Feature",
      "properties": {
        "timestamp_s": 120.73,
        "speed_kmh": 16.0,
        "heading_deg": 1.6,
        "confidence_m": 259.8,
        "in_sanctuary": true
      },
      "geometry": {
        "type": "Point",
        "coordinates": [
          80.24412,
          13.040967
        ]
      }
    },
    {
      "type": "Feature",
      "properties": {
        "timestamp_s": 120.83,
        "speed_kmh": 17.6,
        "heading_deg": 2.4,
        "confidence_m": 260.5,
        "in_sanctuary": true
      },
      "geometry": {
        "type": "Point",
        "coordinates": [
          80.244121,
          13.040971
        ]
      }
    },
    {
      "type": "Feature",
      "properties": {
        "timestamp_s": 120.93,
        "speed_kmh": 17.7,
        "heading_deg": 3.2,
        "confidence_m": 261.3,
        "in_sanctuary": true
      },
      "geometry": {
        "type": "Point",
        "coordinates": [
          80.244122,
          13.040975
        ]
      }
    },
    {
      "type": "Feature",
      "properties": {
        "timestamp_s": 121.03,
        "speed_kmh": 17.7,
        "heading_deg": 4.7,
        "confidence_m": 262.1,
        "in_sanctuary": true
      },
      "geometry": {
        "type": "Point",
        "coordinates": [
          80.244122,
          13.040979
        ]
      }
    },
    {
      "type": "Feature",
      "properties": {
        "timestamp_s": 121.13,
        "speed_kmh": 18.4,
        "heading_deg": 5.7,
        "confidence_m": 262.9,
        "in_sanctuary": true
      },
      "geometry": {
        "type": "Point",
        "coordinates": [
          80.244123,
          13.040984
        ]
      }
    },
    {
      "type": "Feature",
      "properties": {
        "timestamp_s": 121.23,
        "speed_kmh": 19.6,
        "heading_deg": 6.0,
        "confidence_m": 263.8,
        "in_sanctuary": true
      },
      "geometry": {
        "type": "Point",
        "coordinates": [
          80.244128,
          13.04101
        ]
      }
    },
    {
      "type": "Feature",
      "properties": {
        "timestamp_s": 121.33,
        "speed_kmh": 20.6,
        "heading_deg": 7.2,
        "confidence_m": 264.7,
        "in_sanctuary": true
      },
      "geometry": {
        "type": "Point",
        "coordinates": [
          80.244129,
          13.041014
        ]
      }
    },
    {
      "type": "Feature",
      "properties": {
        "timestamp_s": 121.43,
        "speed_kmh": 21.0,
        "heading_deg": 7.7,
        "confidence_m": 265.6,
        "in_sanctuary": true
      },
      "geometry": {
        "type": "Point",
        "coordinates": [
          80.244131,
          13.041019
        ]
      }
    },
    {
      "type": "Feature",
      "properties": {
        "timestamp_s": 121.53,
        "speed_kmh": 20.5,
        "heading_deg": 7.8,
        "confidence_m": 266.5,
        "in_sanctuary": true
      },
      "geometry": {
        "type": "Point",
        "coordinates": [
          80.244132,
          13.041024
        ]
      }
    },
    {
      "type": "Feature",
      "properties": {
        "timestamp_s": 121.63,
        "speed_kmh": 19.4,
        "heading_deg": 7.8,
        "confidence_m": 267.4,
        "in_sanctuary": true
      },
      "geometry": {
        "type": "Point",
        "coordinates": [
          80.244133,
          13.041029
        ]
      }
    },
    {
      "type": "Feature",
      "properties": {
        "timestamp_s": 121.73,
        "speed_kmh": 17.4,
        "heading_deg": 8.2,
        "confidence_m": 268.2,
        "in_sanctuary": true
      },
      "geometry": {
        "type": "Point",
        "coordinates": [
          80.244134,
          13.041034
        ]
      }
    },
    {
      "type": "Feature",
      "properties": {
        "timestamp_s": 121.83,
        "speed_kmh": 15.8,
        "heading_deg": 8.3,
        "confidence_m": 268.9,
        "in_sanctuary": true
      },
      "geometry": {
        "type": "Point",
        "coordinates": [
          80.244135,
          13.041037
        ]
      }
    },
    {
      "type": "Feature",
      "properties": {
        "timestamp_s": 121.93,
        "speed_kmh": 14.9,
        "heading_deg": 7.6,
        "confidence_m": 269.6,
        "in_sanctuary": true
      },
      "geometry": {
        "type": "Point",
        "coordinates": [
          80.244136,
          13.04104
        ]
      }
    },
    {
      "type": "Feature",
      "properties": {
        "timestamp_s": 122.03,
        "speed_kmh": 13.8,
        "heading_deg": 7.6,
        "confidence_m": 270.3,
        "in_sanctuary": true
      },
      "geometry": {
        "type": "Point",
        "coordinates": [
          80.244136,
          13.04104
        ]
      }
    },
    {
      "type": "Feature",
      "properties": {
        "timestamp_s": 122.13,
        "speed_kmh": 12.6,
        "heading_deg": 7.6,
        "confidence_m": 270.9,
        "in_sanctuary": true
      },
      "geometry": {
        "type": "Point",
        "coordinates": [
          80.244136,
          13.04104
        ]
      }
    },
    {
      "type": "Feature",
      "properties": {
        "timestamp_s": 122.23,
        "speed_kmh": 10.8,
        "heading_deg": 7.3,
        "confidence_m": 271.4,
        "in_sanctuary": true
      },
      "geometry": {
        "type": "Point",
        "coordinates": [
          80.244136,
          13.04104
        ]
      }
    },
    {
      "type": "Feature",
      "properties": {
        "timestamp_s": 122.33,
        "speed_kmh": 9.5,
        "heading_deg": 7.5,
        "confidence_m": 271.8,
        "in_sanctuary": true
      },
      "geometry": {
        "type": "Point",
        "coordinates": [
          80.244136,
          13.04104
        ]
      }
    },
    {
      "type": "Feature",
      "properties": {
        "timestamp_s": 122.43,
        "speed_kmh": 9.5,
        "heading_deg": 7.4,
        "confidence_m": 272.3,
        "in_sanctuary": true
      },
      "geometry": {
        "type": "Point",
        "coordinates": [
          80.244136,
          13.041041
        ]
      }
    },
    {
      "type": "Feature",
      "properties": {
        "timestamp_s": 122.53,
        "speed_kmh": 9.9,
        "heading_deg": 7.3,
        "confidence_m": 272.7,
        "in_sanctuary": true
      },
      "geometry": {
        "type": "Point",
        "coordinates": [
          80.244136,
          13.041041
        ]
      }
    },
    {
      "type": "Feature",
      "properties": {
        "timestamp_s": 122.63,
        "speed_kmh": 10.2,
        "heading_deg": 7.3,
        "confidence_m": 273.2,
        "in_sanctuary": true
      },
      "geometry": {
        "type": "Point",
        "coordinates": [
          80.244136,
          13.041041
        ]
      }
    },
    {
      "type": "Feature",
      "properties": {
        "timestamp_s": 122.73,
        "speed_kmh": 10.8,
        "heading_deg": 7.6,
        "confidence_m": 273.7,
        "in_sanctuary": true
      },
      "geometry": {
        "type": "Point",
        "coordinates": [
          80.244136,
          13.041041
        ]
      }
    },
    {
      "type": "Feature",
      "properties": {
        "timestamp_s": 122.83,
        "speed_kmh": 11.9,
        "heading_deg": 7.0,
        "confidence_m": 274.2,
        "in_sanctuary": true
      },
      "geometry": {
        "type": "Point",
        "coordinates": [
          80.244136,
          13.041042
        ]
      }
    },
    {
      "type": "Feature",
      "properties": {
        "timestamp_s": 122.93,
        "speed_kmh": 13.3,
        "heading_deg": 7.3,
        "confidence_m": 274.8,
        "in_sanctuary": true
      },
      "geometry": {
        "type": "Point",
        "coordinates": [
          80.244155,
          13.041104
        ]
      }
    },
    {
      "type": "Feature",
      "properties": {
        "timestamp_s": 123.03,
        "speed_kmh": 14.8,
        "heading_deg": 7.5,
        "confidence_m": 275.4,
        "in_sanctuary": true
      },
      "geometry": {
        "type": "Point",
        "coordinates": [
          80.244155,
          13.041104
        ]
      }
    },
    {
      "type": "Feature",
      "properties": {
        "timestamp_s": 123.13,
        "speed_kmh": 15.7,
        "heading_deg": 7.7,
        "confidence_m": 276.2,
        "in_sanctuary": true
      },
      "geometry": {
        "type": "Point",
        "coordinates": [
          80.244155,
          13.041104
        ]
      }
    },
    {
      "type": "Feature",
      "properties": {
        "timestamp_s": 123.23,
        "speed_kmh": 16.0,
        "heading_deg": 8.2,
        "confidence_m": 276.9,
        "in_sanctuary": true
      },
      "geometry": {
        "type": "Point",
        "coordinates": [
          80.244155,
          13.041104
        ]
      }
    },
    {
      "type": "Feature",
      "properties": {
        "timestamp_s": 123.33,
        "speed_kmh": 16.1,
        "heading_deg": 8.3,
        "confidence_m": 277.6,
        "in_sanctuary": true
      },
      "geometry": {
        "type": "Point",
        "coordinates": [
          80.244155,
          13.041104
        ]
      }
    },
    {
      "type": "Feature",
      "properties": {
        "timestamp_s": 123.43,
        "speed_kmh": 16.1,
        "heading_deg": 8.0,
        "confidence_m": 278.4,
        "in_sanctuary": true
      },
      "geometry": {
        "type": "Point",
        "coordinates": [
          80.244155,
          13.041104
        ]
      }
    },
    {
      "type": "Feature",
      "properties": {
        "timestamp_s": 123.53,
        "speed_kmh": 16.1,
        "heading_deg": 8.4,
        "confidence_m": 279.1,
        "in_sanctuary": true
      },
      "geometry": {
        "type": "Point",
        "coordinates": [
          80.244156,
          13.041106
        ]
      }
    },
    {
      "type": "Feature",
      "properties": {
        "timestamp_s": 123.63,
        "speed_kmh": 16.1,
        "heading_deg": 9.1,
        "confidence_m": 279.9,
        "in_sanctuary": true
      },
      "geometry": {
        "type": "Point",
        "coordinates": [
          80.244157,
          13.04111
        ]
      }
    },
    {
      "type": "Feature",
      "properties": {
        "timestamp_s": 123.73,
        "speed_kmh": 16.1,
        "heading_deg": 9.7,
        "confidence_m": 280.6,
        "in_sanctuary": true
      },
      "geometry": {
        "type": "Point",
        "coordinates": [
          80.244173,
          13.041142
        ]
      }
    },
    {
      "type": "Feature",
      "properties": {
        "timestamp_s": 123.83,
        "speed_kmh": 16.1,
        "heading_deg": 10.6,
        "confidence_m": 281.4,
        "in_sanctuary": true
      },
      "geometry": {
        "type": "Point",
        "coordinates": [
          80.244175,
          13.041145
        ]
      }
    },
    {
      "type": "Feature",
      "properties": {
        "timestamp_s": 123.93,
        "speed_kmh": 16.1,
        "heading_deg": 12.0,
        "confidence_m": 282.1,
        "in_sanctuary": true
      },
      "geometry": {
        "type": "Point",
        "coordinates": [
          80.244176,
          13.041147
        ]
      }
    },
    {
      "type": "Feature",
      "properties": {
        "timestamp_s": 124.03,
        "speed_kmh": 16.1,
        "heading_deg": 12.4,
        "confidence_m": 282.9,
        "in_sanctuary": true
      },
      "geometry": {
        "type": "Point",
        "coordinates": [
          80.244176,
          13.041147
        ]
      }
    },
    {
      "type": "Feature",
      "properties": {
        "timestamp_s": 124.13,
        "speed_kmh": 16.1,
        "heading_deg": 12.7,
        "confidence_m": 283.6,
        "in_sanctuary": true
      },
      "geometry": {
        "type": "Point",
        "coordinates": [
          80.244176,
          13.041147
        ]
      }
    }
  ]
}